"","location","age","total","numLT5","roof"
"1","CentralLuzon",65,0,0,"Predominantly Strong Material"
"2","MetroManila",75,3,0,"Predominantly Strong Material"
"3","DavaoRegion",54,4,0,"Predominantly Strong Material"
"4","Visayas",49,3,0,"Predominantly Strong Material"
"5","MetroManila",74,3,0,"Predominantly Strong Material"
"6","Visayas",59,6,0,"Predominantly Strong Material"
"7","MetroManila",54,5,0,"Predominantly Strong Material"
"8","Visayas",41,5,0,"Predominantly Strong Material"
"9","Visayas",50,6,0,"Predominantly Strong Material"
"10","CentralLuzon",59,4,0,"Predominantly Strong Material"
"11","CentralLuzon",72,2,0,"Predominantly Strong Material"
"12","MetroManila",36,3,1,"Predominantly Strong Material"
"13","CentralLuzon",42,7,0,"Predominantly Strong Material"
"14","DavaoRegion",39,4,1,"Predominantly Light/Salvaged Material"
"15","CentralLuzon",65,5,0,"Predominantly Strong Material"
"16","DavaoRegion",56,4,1,"Predominantly Strong Material"
"17","Visayas",57,2,1,"Predominantly Light/Salvaged Material"
"18","IlocosRegion",59,2,0,"Predominantly Strong Material"
"19","Visayas",66,2,0,"Predominantly Strong Material"
"20","IlocosRegion",47,5,0,"Predominantly Light/Salvaged Material"
"21","MetroManila",66,10,0,"Predominantly Strong Material"
"22","MetroManila",36,4,0,"Predominantly Light/Salvaged Material"
"23","Visayas",47,6,1,"Predominantly Strong Material"
"24","DavaoRegion",53,4,1,"Predominantly Strong Material"
"25","Visayas",63,1,0,"Predominantly Strong Material"
"26","IlocosRegion",47,5,0,"Predominantly Strong Material"
"27","Visayas",60,3,0,"Predominantly Strong Material"
"28","MetroManila",76,0,0,"Predominantly Strong Material"
"29","DavaoRegion",76,1,0,"Predominantly Strong Material"
"30","Visayas",37,2,0,"Predominantly Strong Material"
"31","Visayas",61,0,0,"Predominantly Light/Salvaged Material"
"32","Visayas",56,9,1,"Predominantly Strong Material"
"33","MetroManila",24,3,1,"Predominantly Strong Material"
"34","Visayas",57,1,0,"Predominantly Light/Salvaged Material"
"35","Visayas",70,7,1,"Predominantly Strong Material"
"36","MetroManila",55,3,0,"Predominantly Strong Material"
"37","Visayas",62,5,0,"Predominantly Light/Salvaged Material"
"38","CentralLuzon",55,5,0,"Predominantly Strong Material"
"39","DavaoRegion",29,2,0,"Predominantly Strong Material"
"40","CentralLuzon",54,3,0,"Predominantly Strong Material"
"41","IlocosRegion",70,4,0,"Predominantly Light/Salvaged Material"
"42","IlocosRegion",53,4,0,"Predominantly Strong Material"
"43","CentralLuzon",43,5,0,"Predominantly Strong Material"
"44","MetroManila",56,3,0,"Predominantly Strong Material"
"45","Visayas",38,10,4,"Predominantly Light/Salvaged Material"
"46","MetroManila",39,1,0,"Predominantly Strong Material"
"47","Visayas",48,1,0,"Predominantly Strong Material"
"48","Visayas",77,7,1,"Predominantly Strong Material"
"49","Visayas",67,1,0,"Predominantly Strong Material"
"50","DavaoRegion",50,8,1,"Predominantly Strong Material"
"51","Visayas",62,0,0,"Predominantly Strong Material"
"52","IlocosRegion",74,3,0,"Predominantly Strong Material"
"53","MetroManila",49,3,0,"Predominantly Light/Salvaged Material"
"54","MetroManila",60,6,1,"Predominantly Strong Material"
"55","DavaoRegion",48,2,0,"Predominantly Strong Material"
"56","MetroManila",50,1,0,"Predominantly Light/Salvaged Material"
"57","MetroManila",49,1,0,"Predominantly Strong Material"
"58","Visayas",51,11,1,"Predominantly Strong Material"
"59","DavaoRegion",65,2,0,"Predominantly Strong Material"
"60","DavaoRegion",44,4,0,"Predominantly Strong Material"
"61","DavaoRegion",47,5,0,"Predominantly Strong Material"
"62","MetroManila",50,1,0,"Predominantly Strong Material"
"63","IlocosRegion",70,0,0,"Predominantly Strong Material"
"64","CentralLuzon",54,3,0,"Predominantly Light/Salvaged Material"
"65","Visayas",45,8,2,"Predominantly Strong Material"
"66","CentralLuzon",40,5,0,"Predominantly Strong Material"
"67","Visayas",65,6,1,"Predominantly Strong Material"
"68","DavaoRegion",48,2,0,"Predominantly Strong Material"
"69","MetroManila",39,3,1,"Predominantly Strong Material"
"70","CentralLuzon",53,3,0,"Predominantly Strong Material"
"71","Visayas",55,4,0,"Predominantly Strong Material"
"72","Visayas",48,5,1,"Predominantly Strong Material"
"73","Visayas",30,2,0,"Predominantly Strong Material"
"74","Visayas",32,4,1,"Predominantly Strong Material"
"75","MetroManila",56,0,0,"Predominantly Strong Material"
"76","CentralLuzon",32,3,0,"Predominantly Strong Material"
"77","Visayas",53,0,0,"Predominantly Strong Material"
"78","MetroManila",42,3,0,"Predominantly Strong Material"
"79","CentralLuzon",63,7,0,"Predominantly Strong Material"
"80","DavaoRegion",69,0,0,"Predominantly Strong Material"
"81","Visayas",74,1,0,"Predominantly Strong Material"
"82","CentralLuzon",48,7,0,"Predominantly Strong Material"
"83","IlocosRegion",84,1,0,"Predominantly Strong Material"
"84","CentralLuzon",51,3,1,"Predominantly Strong Material"
"85","IlocosRegion",50,7,1,"Predominantly Light/Salvaged Material"
"86","MetroManila",37,3,0,"Predominantly Strong Material"
"87","Visayas",56,15,1,"Predominantly Strong Material"
"88","Visayas",65,2,1,"Predominantly Strong Material"
"89","Visayas",60,2,1,"Predominantly Light/Salvaged Material"
"90","Visayas",45,4,1,"Predominantly Light/Salvaged Material"
"91","DavaoRegion",36,4,0,"Predominantly Strong Material"
"92","Visayas",49,7,2,"Predominantly Strong Material"
"93","Visayas",39,5,0,"Predominantly Strong Material"
"94","Visayas",72,0,0,"Predominantly Strong Material"
"95","MetroManila",43,4,0,"Predominantly Strong Material"
"96","Visayas",59,2,0,"Predominantly Strong Material"
"97","Visayas",64,5,1,"Predominantly Strong Material"
"98","CentralLuzon",64,2,0,"Predominantly Strong Material"
"99","Visayas",49,3,0,"Predominantly Strong Material"
"100","Visayas",42,4,1,"Predominantly Strong Material"
"101","MetroManila",38,2,0,"Predominantly Strong Material"
"102","CentralLuzon",44,4,1,"Predominantly Strong Material"
"103","IlocosRegion",74,2,0,"Predominantly Strong Material"
"104","DavaoRegion",65,2,0,"Predominantly Strong Material"
"105","DavaoRegion",50,3,0,"Predominantly Strong Material"
"106","Visayas",47,5,1,"Predominantly Strong Material"
"107","MetroManila",52,5,1,"Predominantly Strong Material"
"108","MetroManila",55,4,0,"Predominantly Strong Material"
"109","Visayas",30,4,2,"Predominantly Strong Material"
"110","Visayas",40,8,0,"Predominantly Strong Material"
"111","MetroManila",83,3,0,"Predominantly Strong Material"
"112","DavaoRegion",30,4,0,"Predominantly Strong Material"
"113","CentralLuzon",64,1,0,"Predominantly Light/Salvaged Material"
"114","Visayas",61,3,0,"Predominantly Strong Material"
"115","CentralLuzon",38,3,1,"Predominantly Strong Material"
"116","MetroManila",34,3,1,"Predominantly Strong Material"
"117","Visayas",40,5,0,"Predominantly Strong Material"
"118","CentralLuzon",69,1,0,"Predominantly Strong Material"
"119","Visayas",68,3,0,"Predominantly Strong Material"
"120","DavaoRegion",52,6,0,"Predominantly Strong Material"
"121","Visayas",69,2,0,"Predominantly Strong Material"
"122","Visayas",55,6,0,"Predominantly Strong Material"
"123","IlocosRegion",78,6,2,"Predominantly Strong Material"
"124","CentralLuzon",65,2,0,"Predominantly Strong Material"
"125","Visayas",35,4,1,"Predominantly Strong Material"
"126","CentralLuzon",71,0,0,"Predominantly Strong Material"
"127","CentralLuzon",30,4,1,"Predominantly Strong Material"
"128","Visayas",34,3,0,"Predominantly Strong Material"
"129","Visayas",49,6,0,"Predominantly Strong Material"
"130","CentralLuzon",81,5,2,"Predominantly Strong Material"
"131","Visayas",47,11,1,"Predominantly Strong Material"
"132","Visayas",58,3,0,"Predominantly Strong Material"
"133","IlocosRegion",19,2,1,"Predominantly Strong Material"
"134","DavaoRegion",61,3,0,"Predominantly Strong Material"
"135","Visayas",31,3,1,"Predominantly Strong Material"
"136","Visayas",34,6,1,"Predominantly Strong Material"
"137","DavaoRegion",50,2,0,"Predominantly Strong Material"
"138","MetroManila",36,4,0,"Predominantly Light/Salvaged Material"
"139","IlocosRegion",40,5,0,"Predominantly Strong Material"
"140","Visayas",36,4,0,"Predominantly Strong Material"
"141","Visayas",56,2,0,"Predominantly Strong Material"
"142","DavaoRegion",65,10,1,"Predominantly Strong Material"
"143","IlocosRegion",73,2,0,"Predominantly Strong Material"
"144","Visayas",24,2,1,"Predominantly Strong Material"
"145","MetroManila",30,1,0,"Predominantly Strong Material"
"146","Visayas",57,7,0,"Predominantly Strong Material"
"147","DavaoRegion",44,4,0,"Predominantly Strong Material"
"148","CentralLuzon",47,5,0,"Predominantly Strong Material"
"149","Visayas",83,0,0,"Predominantly Strong Material"
"150","MetroManila",49,4,1,"Predominantly Strong Material"
"151","DavaoRegion",42,1,0,"Predominantly Strong Material"
"152","Visayas",64,3,0,"Predominantly Strong Material"
"153","Visayas",24,2,0,"Predominantly Strong Material"
"154","Visayas",59,2,0,"Predominantly Strong Material"
"155","MetroManila",68,1,0,"Predominantly Strong Material"
"156","CentralLuzon",93,0,0,"Predominantly Strong Material"
"157","CentralLuzon",38,3,1,"Predominantly Strong Material"
"158","MetroManila",66,2,0,"Predominantly Strong Material"
"159","MetroManila",43,4,1,"Predominantly Strong Material"
"160","Visayas",58,3,0,"Predominantly Light/Salvaged Material"
"161","DavaoRegion",33,4,1,"Predominantly Strong Material"
"162","MetroManila",78,3,0,"Predominantly Strong Material"
"163","MetroManila",42,0,0,"Predominantly Strong Material"
"164","MetroManila",47,6,0,"Predominantly Strong Material"
"165","Visayas",74,3,0,"Predominantly Strong Material"
"166","IlocosRegion",29,4,1,"Predominantly Light/Salvaged Material"
"167","MetroManila",41,4,0,"Predominantly Strong Material"
"168","DavaoRegion",79,3,1,"Predominantly Strong Material"
"169","CentralLuzon",87,1,0,"Predominantly Strong Material"
"170","MetroManila",51,4,0,"Predominantly Strong Material"
"171","CentralLuzon",73,4,1,"Predominantly Strong Material"
"172","MetroManila",48,7,1,"Predominantly Strong Material"
"173","MetroManila",67,5,1,"Predominantly Strong Material"
"174","Visayas",73,1,0,"Predominantly Strong Material"
"175","IlocosRegion",32,3,1,"Predominantly Strong Material"
"176","IlocosRegion",84,2,0,"Predominantly Strong Material"
"177","Visayas",78,5,0,"Predominantly Strong Material"
"178","IlocosRegion",44,2,0,"Predominantly Strong Material"
"179","DavaoRegion",76,4,0,"Predominantly Strong Material"
"180","CentralLuzon",56,1,0,"Predominantly Strong Material"
"181","CentralLuzon",58,2,0,"Predominantly Strong Material"
"182","Visayas",50,7,0,"Predominantly Strong Material"
"183","CentralLuzon",77,7,1,"Predominantly Light/Salvaged Material"
"184","DavaoRegion",65,4,0,"Predominantly Strong Material"
"185","MetroManila",47,6,1,"Predominantly Strong Material"
"186","CentralLuzon",50,1,0,"Predominantly Strong Material"
"187","MetroManila",36,3,2,"Predominantly Strong Material"
"188","Visayas",58,5,1,"Predominantly Strong Material"
"189","Visayas",58,5,0,"Predominantly Strong Material"
"190","Visayas",29,3,1,"Predominantly Strong Material"
"191","Visayas",68,8,2,"Predominantly Strong Material"
"192","CentralLuzon",27,3,2,"Predominantly Strong Material"
"193","MetroManila",44,5,0,"Predominantly Strong Material"
"194","DavaoRegion",70,1,0,"Predominantly Light/Salvaged Material"
"195","DavaoRegion",60,5,0,"Predominantly Strong Material"
"196","Visayas",39,3,0,"Predominantly Strong Material"
"197","DavaoRegion",50,4,0,"Predominantly Strong Material"
"198","Visayas",35,4,1,"Predominantly Strong Material"
"199","Visayas",88,7,0,"Predominantly Strong Material"
"200","Visayas",54,5,0,"Predominantly Strong Material"
"201","Visayas",58,3,0,"Predominantly Strong Material"
"202","DavaoRegion",57,8,2,"Predominantly Strong Material"
"203","Visayas",26,5,3,"Predominantly Light/Salvaged Material"
"204","Visayas",56,3,0,"Predominantly Strong Material"
"205","DavaoRegion",44,3,0,"Predominantly Strong Material"
"206","Visayas",64,6,2,"Predominantly Strong Material"
"207","Visayas",55,5,0,"Predominantly Strong Material"
"208","DavaoRegion",59,3,0,"Predominantly Strong Material"
"209","Visayas",23,2,1,"Predominantly Strong Material"
"210","DavaoRegion",54,5,0,"Predominantly Strong Material"
"211","IlocosRegion",41,6,0,"Predominantly Strong Material"
"212","Visayas",54,2,0,"Predominantly Light/Salvaged Material"
"213","Visayas",50,4,0,"Predominantly Strong Material"
"214","DavaoRegion",50,4,0,"Predominantly Light/Salvaged Material"
"215","IlocosRegion",49,6,0,"Predominantly Light/Salvaged Material"
"216","Visayas",43,5,0,"Predominantly Strong Material"
"217","Visayas",25,5,3,"Predominantly Light/Salvaged Material"
"218","MetroManila",55,5,1,"Predominantly Strong Material"
"219","Visayas",40,2,0,"Predominantly Strong Material"
"220","MetroManila",51,4,0,"Predominantly Strong Material"
"221","DavaoRegion",35,3,0,"Predominantly Light/Salvaged Material"
"222","MetroManila",60,3,0,"Predominantly Strong Material"
"223","DavaoRegion",39,5,0,"Predominantly Light/Salvaged Material"
"224","Visayas",33,4,1,"Predominantly Strong Material"
"225","Visayas",46,5,0,"Predominantly Strong Material"
"226","Visayas",37,2,1,"Predominantly Strong Material"
"227","MetroManila",36,6,0,"Predominantly Strong Material"
"228","Visayas",50,9,2,"Predominantly Strong Material"
"229","IlocosRegion",44,3,0,"Predominantly Strong Material"
"230","IlocosRegion",78,1,0,"Predominantly Strong Material"
"231","IlocosRegion",72,0,0,"Predominantly Strong Material"
"232","Visayas",38,2,0,"Predominantly Strong Material"
"233","Visayas",52,3,0,"Predominantly Strong Material"
"234","IlocosRegion",40,3,0,"Predominantly Strong Material"
"235","IlocosRegion",44,4,2,"Predominantly Strong Material"
"236","Visayas",55,2,0,"Predominantly Strong Material"
"237","Visayas",53,5,0,"Predominantly Strong Material"
"238","IlocosRegion",75,1,0,"Predominantly Light/Salvaged Material"
"239","CentralLuzon",20,2,0,"Predominantly Strong Material"
"240","DavaoRegion",74,0,0,"Predominantly Strong Material"
"241","Visayas",34,6,1,"Predominantly Strong Material"
"242","Visayas",33,4,0,"Predominantly Strong Material"
"243","Visayas",67,3,1,"Predominantly Light/Salvaged Material"
"244","MetroManila",49,3,0,"Predominantly Strong Material"
"245","IlocosRegion",35,4,1,"Predominantly Strong Material"
"246","Visayas",41,7,0,"Predominantly Light/Salvaged Material"
"247","IlocosRegion",38,0,0,"Predominantly Strong Material"
"248","MetroManila",56,0,0,"Predominantly Strong Material"
"249","DavaoRegion",63,6,1,"Predominantly Strong Material"
"250","IlocosRegion",80,0,0,"Predominantly Light/Salvaged Material"
"251","Visayas",80,1,0,"Predominantly Strong Material"
"252","MetroManila",75,0,0,"Predominantly Strong Material"
"253","Visayas",64,0,0,"Predominantly Strong Material"
"254","MetroManila",60,2,0,"Predominantly Strong Material"
"255","MetroManila",27,2,1,"Predominantly Strong Material"
"256","MetroManila",45,3,1,"Predominantly Light/Salvaged Material"
"257","IlocosRegion",39,5,3,"Predominantly Strong Material"
"258","MetroManila",36,1,0,"Predominantly Strong Material"
"259","Visayas",76,2,0,"Predominantly Strong Material"
"260","MetroManila",51,4,1,"Predominantly Strong Material"
"261","Visayas",48,5,0,"Predominantly Strong Material"
"262","Visayas",71,16,3,"Predominantly Strong Material"
"263","MetroManila",46,4,0,"Predominantly Strong Material"
"264","Visayas",32,2,1,"Predominantly Light/Salvaged Material"
"265","Visayas",73,2,0,"Predominantly Strong Material"
"266","IlocosRegion",66,2,0,"Predominantly Strong Material"
"267","IlocosRegion",33,5,0,"Predominantly Strong Material"
"268","Visayas",57,1,0,"Predominantly Strong Material"
"269","MetroManila",66,2,0,"Predominantly Strong Material"
"270","Visayas",80,2,0,"Predominantly Strong Material"
"271","Visayas",61,6,2,"Predominantly Light/Salvaged Material"
"272","CentralLuzon",67,2,0,"Predominantly Strong Material"
"273","MetroManila",58,6,2,"Predominantly Strong Material"
"274","Visayas",65,12,1,"Predominantly Strong Material"
"275","MetroManila",61,5,0,"Predominantly Strong Material"
"276","CentralLuzon",64,4,2,"Predominantly Strong Material"
"277","MetroManila",51,2,0,"Predominantly Strong Material"
"278","CentralLuzon",44,1,0,"Predominantly Strong Material"
"279","CentralLuzon",69,3,0,"Predominantly Strong Material"
"280","Visayas",45,1,0,"Predominantly Light/Salvaged Material"
"281","Visayas",72,1,0,"Predominantly Strong Material"
"282","CentralLuzon",62,3,0,"Predominantly Strong Material"
"283","IlocosRegion",34,5,0,"Predominantly Strong Material"
"284","MetroManila",30,2,1,"Predominantly Strong Material"
"285","CentralLuzon",42,4,0,"Predominantly Strong Material"
"286","Visayas",74,2,0,"Predominantly Strong Material"
"287","MetroManila",52,4,0,"Predominantly Strong Material"
"288","DavaoRegion",58,0,0,"Predominantly Strong Material"
"289","Visayas",41,4,0,"Predominantly Light/Salvaged Material"
"290","DavaoRegion",67,7,1,"Predominantly Strong Material"
"291","CentralLuzon",40,5,1,"Predominantly Strong Material"
"292","MetroManila",33,4,2,"Predominantly Strong Material"
"293","Visayas",46,3,0,"Predominantly Strong Material"
"294","MetroManila",44,1,0,"Predominantly Light/Salvaged Material"
"295","Visayas",43,3,1,"Predominantly Strong Material"
"296","Visayas",52,2,0,"Predominantly Strong Material"
"297","MetroManila",73,3,0,"Predominantly Strong Material"
"298","IlocosRegion",40,4,1,"Predominantly Light/Salvaged Material"
"299","Visayas",30,3,1,"Predominantly Light/Salvaged Material"
"300","Visayas",53,5,0,"Predominantly Strong Material"
"301","IlocosRegion",52,4,0,"Predominantly Strong Material"
"302","DavaoRegion",38,3,0,"Predominantly Strong Material"
"303","DavaoRegion",65,3,0,"Predominantly Light/Salvaged Material"
"304","Visayas",65,2,0,"Predominantly Strong Material"
"305","Visayas",51,4,0,"Predominantly Strong Material"
"306","MetroManila",74,2,0,"Predominantly Strong Material"
"307","MetroManila",42,5,0,"Predominantly Strong Material"
"308","Visayas",45,4,0,"Predominantly Light/Salvaged Material"
"309","Visayas",49,4,0,"Predominantly Strong Material"
"310","DavaoRegion",50,2,0,"Predominantly Strong Material"
"311","Visayas",77,0,0,"Predominantly Light/Salvaged Material"
"312","Visayas",44,7,0,"Predominantly Strong Material"
"313","Visayas",43,7,1,"Predominantly Strong Material"
"314","Visayas",28,4,0,"Predominantly Strong Material"
"315","IlocosRegion",60,5,0,"Predominantly Strong Material"
"316","DavaoRegion",39,1,0,"Predominantly Strong Material"
"317","Visayas",76,1,0,"Predominantly Strong Material"
"318","Visayas",52,2,0,"Predominantly Strong Material"
"319","CentralLuzon",31,1,0,"Predominantly Strong Material"
"320","MetroManila",61,10,0,"Predominantly Strong Material"
"321","CentralLuzon",48,8,0,"Predominantly Strong Material"
"322","Visayas",39,9,2,"Predominantly Strong Material"
"323","IlocosRegion",45,4,0,"Predominantly Strong Material"
"324","Visayas",50,2,0,"Predominantly Light/Salvaged Material"
"325","CentralLuzon",66,10,0,"Predominantly Strong Material"
"326","CentralLuzon",59,5,1,"Predominantly Strong Material"
"327","IlocosRegion",71,1,0,"Predominantly Light/Salvaged Material"
"328","Visayas",73,0,0,"Predominantly Strong Material"
"329","MetroManila",39,3,0,"Predominantly Strong Material"
"330","Visayas",46,6,0,"Predominantly Strong Material"
"331","MetroManila",69,3,0,"Predominantly Strong Material"
"332","Visayas",73,6,1,"Predominantly Strong Material"
"333","CentralLuzon",53,3,0,"Predominantly Strong Material"
"334","Visayas",58,7,2,"Predominantly Light/Salvaged Material"
"335","Visayas",67,9,2,"Predominantly Strong Material"
"336","MetroManila",47,3,0,"Predominantly Strong Material"
"337","DavaoRegion",48,4,0,"Predominantly Strong Material"
"338","Visayas",47,2,0,"Predominantly Light/Salvaged Material"
"339","Visayas",57,2,0,"Predominantly Strong Material"
"340","MetroManila",36,5,1,"Predominantly Strong Material"
"341","MetroManila",57,1,0,"Predominantly Strong Material"
"342","DavaoRegion",50,4,1,"Predominantly Strong Material"
"343","CentralLuzon",79,1,0,"Predominantly Strong Material"
"344","CentralLuzon",50,2,0,"Predominantly Strong Material"
"345","CentralLuzon",38,4,2,"Predominantly Strong Material"
"346","IlocosRegion",40,4,0,"Predominantly Strong Material"
"347","Visayas",43,6,1,"Predominantly Strong Material"
"348","IlocosRegion",44,4,0,"Predominantly Strong Material"
"349","Visayas",55,6,0,"Predominantly Light/Salvaged Material"
"350","MetroManila",42,4,0,"Predominantly Strong Material"
"351","MetroManila",32,2,0,"Predominantly Strong Material"
"352","DavaoRegion",75,7,2,"Predominantly Strong Material"
"353","Visayas",41,3,0,"Predominantly Light/Salvaged Material"
"354","Visayas",48,3,1,"Predominantly Strong Material"
"355","Visayas",46,3,1,"Predominantly Strong Material"
"356","Visayas",46,3,0,"Predominantly Strong Material"
"357","MetroManila",32,3,1,"Predominantly Strong Material"
"358","CentralLuzon",48,4,1,"Predominantly Strong Material"
"359","CentralLuzon",69,3,0,"Predominantly Strong Material"
"360","CentralLuzon",78,1,0,"Predominantly Strong Material"
"361","Visayas",76,1,0,"Predominantly Strong Material"
"362","MetroManila",65,10,2,"Predominantly Strong Material"
"363","MetroManila",67,4,0,"Predominantly Strong Material"
"364","MetroManila",66,1,0,"Predominantly Strong Material"
"365","Visayas",59,1,0,"Predominantly Strong Material"
"366","Visayas",36,4,0,"Predominantly Light/Salvaged Material"
"367","Visayas",35,4,2,"Predominantly Strong Material"
"368","Visayas",53,8,2,"Predominantly Strong Material"
"369","CentralLuzon",53,6,1,"Predominantly Strong Material"
"370","Visayas",65,6,0,"Predominantly Strong Material"
"371","Visayas",35,5,1,"Predominantly Light/Salvaged Material"
"372","Visayas",61,2,0,"Predominantly Strong Material"
"373","Visayas",44,5,1,"Predominantly Strong Material"
"374","MetroManila",75,6,0,"Predominantly Strong Material"
"375","Visayas",66,2,0,"Predominantly Strong Material"
"376","Visayas",62,2,0,"Predominantly Strong Material"
"377","Visayas",30,2,0,"Predominantly Strong Material"
"378","IlocosRegion",53,4,0,"Predominantly Strong Material"
"379","Visayas",49,7,2,"Predominantly Strong Material"
"380","IlocosRegion",64,2,0,"Predominantly Light/Salvaged Material"
"381","MetroManila",34,4,1,"Predominantly Strong Material"
"382","Visayas",61,1,0,"Predominantly Strong Material"
"383","MetroManila",60,2,0,"Predominantly Strong Material"
"384","CentralLuzon",61,3,0,"Predominantly Strong Material"
"385","MetroManila",62,5,0,"Predominantly Strong Material"
"386","Visayas",44,2,1,"Predominantly Strong Material"
"387","CentralLuzon",84,0,0,"Predominantly Strong Material"
"388","CentralLuzon",59,2,0,"Predominantly Light/Salvaged Material"
"389","DavaoRegion",64,1,0,"Predominantly Strong Material"
"390","Visayas",36,4,1,"Predominantly Strong Material"
"391","Visayas",39,9,3,"Predominantly Strong Material"
"392","DavaoRegion",94,2,0,"Predominantly Strong Material"
"393","CentralLuzon",50,2,0,"Predominantly Strong Material"
"394","CentralLuzon",63,3,2,"Predominantly Strong Material"
"395","IlocosRegion",39,0,0,"Predominantly Strong Material"
"396","Visayas",51,5,2,"Predominantly Strong Material"
"397","DavaoRegion",64,4,0,"Predominantly Strong Material"
"398","Visayas",49,6,1,"Predominantly Light/Salvaged Material"
"399","IlocosRegion",48,3,0,"Predominantly Strong Material"
"400","MetroManila",59,0,0,"Predominantly Strong Material"
"401","MetroManila",59,3,0,"Predominantly Strong Material"
"402","CentralLuzon",84,1,0,"Predominantly Strong Material"
"403","DavaoRegion",20,1,0,"Predominantly Strong Material"
"404","Visayas",47,6,2,"Predominantly Light/Salvaged Material"
"405","Visayas",26,2,0,"Predominantly Strong Material"
"406","CentralLuzon",41,1,0,"Predominantly Strong Material"
"407","Visayas",54,5,0,"Predominantly Strong Material"
"408","Visayas",55,7,2,"Predominantly Strong Material"
"409","Visayas",61,5,1,"Predominantly Strong Material"
"410","MetroManila",38,2,0,"Predominantly Strong Material"
"411","DavaoRegion",40,3,0,"Predominantly Strong Material"
"412","Visayas",37,9,2,"Predominantly Light/Salvaged Material"
"413","IlocosRegion",33,4,0,"Predominantly Strong Material"
"414","MetroManila",50,6,0,"Predominantly Strong Material"
"415","MetroManila",48,3,1,"Predominantly Strong Material"
"416","Visayas",52,0,0,"Predominantly Strong Material"
"417","Visayas",77,1,0,"Predominantly Strong Material"
"418","Visayas",61,4,1,"Predominantly Strong Material"
"419","CentralLuzon",52,5,0,"Predominantly Strong Material"
"420","Visayas",72,4,0,"Predominantly Strong Material"
"421","IlocosRegion",82,4,0,"Predominantly Strong Material"
"422","Visayas",71,3,0,"Predominantly Strong Material"
"423","IlocosRegion",43,3,0,"Predominantly Strong Material"
"424","Visayas",59,1,0,"Predominantly Strong Material"
"425","Visayas",70,9,0,"Predominantly Light/Salvaged Material"
"426","Visayas",23,0,0,"Predominantly Strong Material"
"427","MetroManila",54,5,0,"Predominantly Strong Material"
"428","DavaoRegion",34,2,1,"Predominantly Strong Material"
"429","Visayas",68,0,0,"Predominantly Strong Material"
"430","Visayas",50,4,0,"Predominantly Light/Salvaged Material"
"431","Visayas",47,6,0,"Predominantly Light/Salvaged Material"
"432","Visayas",48,12,3,"Predominantly Strong Material"
"433","Visayas",47,3,0,"Predominantly Strong Material"
"434","CentralLuzon",45,5,0,"Predominantly Strong Material"
"435","IlocosRegion",73,2,0,"Predominantly Strong Material"
"436","MetroManila",55,2,0,"Predominantly Strong Material"
"437","CentralLuzon",40,3,0,"Predominantly Strong Material"
"438","Visayas",79,1,0,"Predominantly Strong Material"
"439","Visayas",68,2,0,"Predominantly Strong Material"
"440","Visayas",55,5,1,"Predominantly Strong Material"
"441","IlocosRegion",53,6,0,"Predominantly Strong Material"
"442","CentralLuzon",32,3,0,"Predominantly Strong Material"
"443","MetroManila",43,3,0,"Predominantly Strong Material"
"444","DavaoRegion",36,2,1,"Predominantly Strong Material"
"445","DavaoRegion",35,3,0,"Predominantly Strong Material"
"446","CentralLuzon",41,5,1,"Predominantly Light/Salvaged Material"
"447","MetroManila",42,2,0,"Predominantly Strong Material"
"448","Visayas",65,3,0,"Predominantly Strong Material"
"449","CentralLuzon",65,4,0,"Predominantly Strong Material"
"450","MetroManila",45,5,0,"Predominantly Strong Material"
"451","IlocosRegion",45,2,0,"Predominantly Strong Material"
"452","Visayas",69,1,0,"Predominantly Strong Material"
"453","Visayas",35,6,2,"Predominantly Strong Material"
"454","MetroManila",27,2,1,"Predominantly Strong Material"
"455","MetroManila",62,1,0,"Predominantly Strong Material"
"456","MetroManila",60,5,2,"Predominantly Strong Material"
"457","Visayas",42,2,0,"Predominantly Strong Material"
"458","DavaoRegion",46,9,3,"Predominantly Strong Material"
"459","Visayas",40,4,1,"Predominantly Strong Material"
"460","DavaoRegion",54,5,0,"Predominantly Strong Material"
"461","Visayas",37,5,0,"Predominantly Strong Material"
"462","Visayas",46,4,0,"Predominantly Strong Material"
"463","IlocosRegion",37,1,0,"Predominantly Strong Material"
"464","Visayas",37,4,0,"Predominantly Strong Material"
"465","IlocosRegion",57,6,2,"Predominantly Strong Material"
"466","MetroManila",63,5,0,"Predominantly Strong Material"
"467","Visayas",64,6,1,"Predominantly Strong Material"
"468","Visayas",61,2,0,"Predominantly Strong Material"
"469","Visayas",47,3,1,"Predominantly Strong Material"
"470","MetroManila",49,4,2,"Predominantly Strong Material"
"471","DavaoRegion",54,4,0,"Predominantly Strong Material"
"472","MetroManila",50,3,0,"Predominantly Strong Material"
"473","MetroManila",56,3,0,"Predominantly Strong Material"
"474","DavaoRegion",51,4,0,"Predominantly Strong Material"
"475","Visayas",42,2,0,"Predominantly Strong Material"
"476","CentralLuzon",52,3,0,"Predominantly Strong Material"
"477","Visayas",58,1,0,"Predominantly Strong Material"
"478","Visayas",46,1,0,"Predominantly Strong Material"
"479","MetroManila",38,3,0,"Predominantly Strong Material"
"480","CentralLuzon",64,6,0,"Predominantly Strong Material"
"481","Visayas",40,8,1,"Predominantly Strong Material"
"482","IlocosRegion",35,2,1,"Predominantly Strong Material"
"483","Visayas",69,5,1,"Predominantly Strong Material"
"484","CentralLuzon",83,3,0,"Predominantly Strong Material"
"485","IlocosRegion",62,4,0,"Predominantly Strong Material"
"486","MetroManila",45,1,0,"Predominantly Strong Material"
"487","MetroManila",54,4,2,"Predominantly Strong Material"
"488","IlocosRegion",67,0,0,"Predominantly Strong Material"
"489","IlocosRegion",33,3,2,"Predominantly Strong Material"
"490","IlocosRegion",43,5,0,"Predominantly Strong Material"
"491","Visayas",45,5,0,"Predominantly Strong Material"
"492","CentralLuzon",30,5,0,"Predominantly Strong Material"
"493","Visayas",30,4,1,"Predominantly Strong Material"
"494","Visayas",82,2,0,"Predominantly Strong Material"
"495","CentralLuzon",39,1,0,"Predominantly Light/Salvaged Material"
"496","Visayas",30,4,1,"Predominantly Strong Material"
"497","CentralLuzon",48,2,1,"Predominantly Strong Material"
"498","Visayas",43,1,0,"Predominantly Strong Material"
"499","DavaoRegion",23,2,1,"Predominantly Strong Material"
"500","MetroManila",36,3,1,"Predominantly Strong Material"
"501","DavaoRegion",39,4,0,"Predominantly Strong Material"
"502","IlocosRegion",52,5,0,"Predominantly Strong Material"
"503","Visayas",59,3,0,"Predominantly Light/Salvaged Material"
"504","MetroManila",38,3,0,"Predominantly Strong Material"
"505","IlocosRegion",74,4,0,"Predominantly Strong Material"
"506","DavaoRegion",69,3,0,"Predominantly Strong Material"
"507","IlocosRegion",49,6,0,"Predominantly Strong Material"
"508","MetroManila",53,7,2,"Predominantly Strong Material"
"509","MetroManila",53,3,0,"Predominantly Strong Material"
"510","CentralLuzon",68,3,0,"Predominantly Strong Material"
"511","IlocosRegion",42,5,0,"Predominantly Strong Material"
"512","CentralLuzon",35,4,1,"Predominantly Light/Salvaged Material"
"513","MetroManila",68,10,2,"Predominantly Strong Material"
"514","MetroManila",56,6,0,"Predominantly Strong Material"
"515","MetroManila",52,0,0,"Predominantly Strong Material"
"516","Visayas",88,3,0,"Predominantly Strong Material"
"517","Visayas",72,2,0,"Predominantly Light/Salvaged Material"
"518","Visayas",42,4,0,"Predominantly Strong Material"
"519","Visayas",58,3,0,"Predominantly Strong Material"
"520","Visayas",44,4,0,"Predominantly Strong Material"
"521","IlocosRegion",44,2,0,"Predominantly Strong Material"
"522","Visayas",47,4,0,"Predominantly Strong Material"
"523","MetroManila",81,2,0,"Predominantly Strong Material"
"524","IlocosRegion",49,16,4,"Predominantly Strong Material"
"525","Visayas",66,5,1,"Predominantly Strong Material"
"526","Visayas",44,9,1,"Predominantly Strong Material"
"527","MetroManila",54,9,1,"Predominantly Strong Material"
"528","CentralLuzon",64,2,0,"Predominantly Strong Material"
"529","MetroManila",67,2,0,"Predominantly Strong Material"
"530","DavaoRegion",29,4,1,"Predominantly Strong Material"
"531","Visayas",48,5,1,"Predominantly Strong Material"
"532","CentralLuzon",42,2,0,"Predominantly Strong Material"
"533","DavaoRegion",80,2,0,"Predominantly Strong Material"
"534","Visayas",36,6,1,"Predominantly Light/Salvaged Material"
"535","IlocosRegion",38,2,0,"Predominantly Strong Material"
"536","Visayas",29,4,0,"Predominantly Strong Material"
"537","Visayas",62,9,2,"Predominantly Strong Material"
"538","Visayas",66,2,0,"Predominantly Strong Material"
"539","Visayas",45,1,0,"Predominantly Strong Material"
"540","CentralLuzon",44,4,0,"Predominantly Strong Material"
"541","CentralLuzon",36,4,0,"Predominantly Strong Material"
"542","IlocosRegion",27,3,1,"Predominantly Strong Material"
"543","MetroManila",68,11,0,"Predominantly Strong Material"
"544","DavaoRegion",80,3,0,"Predominantly Strong Material"
"545","MetroManila",32,2,0,"Predominantly Strong Material"
"546","Visayas",51,9,1,"Predominantly Strong Material"
"547","Visayas",40,6,1,"Predominantly Strong Material"
"548","MetroManila",63,5,1,"Predominantly Strong Material"
"549","MetroManila",48,7,1,"Predominantly Strong Material"
"550","Visayas",60,4,0,"Predominantly Light/Salvaged Material"
"551","DavaoRegion",83,0,0,"Predominantly Strong Material"
"552","CentralLuzon",44,3,1,"Predominantly Strong Material"
"553","MetroManila",82,1,0,"Predominantly Strong Material"
"554","CentralLuzon",38,5,0,"Predominantly Strong Material"
"555","Visayas",50,0,0,"Predominantly Strong Material"
"556","CentralLuzon",75,2,0,"Predominantly Strong Material"
"557","IlocosRegion",70,3,1,"Predominantly Strong Material"
"558","Visayas",50,1,0,"Predominantly Light/Salvaged Material"
"559","CentralLuzon",52,2,0,"Predominantly Strong Material"
"560","Visayas",62,9,1,"Predominantly Light/Salvaged Material"
"561","Visayas",68,1,0,"Predominantly Strong Material"
"562","Visayas",40,1,0,"Predominantly Strong Material"
"563","Visayas",31,2,1,"Predominantly Strong Material"
"564","CentralLuzon",56,6,1,"Predominantly Strong Material"
"565","MetroManila",38,5,1,"Predominantly Strong Material"
"566","MetroManila",41,4,1,"Predominantly Strong Material"
"567","CentralLuzon",49,3,0,"Predominantly Strong Material"
"568","DavaoRegion",53,3,0,"Predominantly Light/Salvaged Material"
"569","MetroManila",71,4,0,"Predominantly Strong Material"
"570","MetroManila",58,8,1,"Predominantly Strong Material"
"571","Visayas",57,2,1,"Predominantly Strong Material"
"572","Visayas",35,4,1,"Predominantly Strong Material"
"573","DavaoRegion",65,4,0,"Predominantly Strong Material"
"574","Visayas",48,4,0,"Predominantly Strong Material"
"575","IlocosRegion",42,6,0,"Predominantly Strong Material"
"576","DavaoRegion",53,5,0,"Predominantly Strong Material"
"577","DavaoRegion",24,0,0,"Predominantly Strong Material"
"578","Visayas",55,5,0,"Predominantly Strong Material"
"579","Visayas",68,0,0,"Predominantly Strong Material"
"580","Visayas",55,6,0,"Predominantly Strong Material"
"581","Visayas",45,3,0,"Predominantly Strong Material"
"582","DavaoRegion",32,4,1,"Predominantly Strong Material"
"583","Visayas",33,2,0,"Predominantly Strong Material"
"584","Visayas",72,3,0,"Predominantly Strong Material"
"585","IlocosRegion",69,1,0,"Predominantly Strong Material"
"586","MetroManila",70,1,0,"Predominantly Strong Material"
"587","Visayas",42,3,0,"Predominantly Strong Material"
"588","Visayas",41,4,0,"Predominantly Strong Material"
"589","Visayas",51,8,1,"Predominantly Strong Material"
"590","Visayas",74,0,0,"Predominantly Strong Material"
"591","DavaoRegion",46,8,1,"Predominantly Light/Salvaged Material"
"592","DavaoRegion",18,1,0,"Predominantly Strong Material"
"593","MetroManila",64,5,0,"Predominantly Strong Material"
"594","Visayas",71,5,0,"Predominantly Light/Salvaged Material"
"595","IlocosRegion",39,6,2,"Predominantly Strong Material"
"596","IlocosRegion",53,4,0,"Predominantly Strong Material"
"597","IlocosRegion",68,2,0,"Predominantly Strong Material"
"598","Visayas",41,9,2,"Predominantly Strong Material"
"599","DavaoRegion",48,8,1,"Predominantly Strong Material"
"600","Visayas",23,2,1,"Predominantly Strong Material"
"601","CentralLuzon",49,3,0,"Predominantly Strong Material"
"602","DavaoRegion",50,10,1,"Predominantly Strong Material"
"603","Visayas",60,3,0,"Predominantly Strong Material"
"604","MetroManila",30,2,0,"Predominantly Strong Material"
"605","CentralLuzon",49,4,1,"Predominantly Strong Material"
"606","Visayas",43,3,0,"Predominantly Strong Material"
"607","Visayas",45,6,0,"Predominantly Light/Salvaged Material"
"608","IlocosRegion",68,5,0,"Predominantly Strong Material"
"609","Visayas",75,1,0,"Predominantly Strong Material"
"610","IlocosRegion",67,10,1,"Predominantly Strong Material"
"611","DavaoRegion",59,6,1,"Predominantly Light/Salvaged Material"
"612","MetroManila",65,5,0,"Predominantly Strong Material"
"613","Visayas",29,3,1,"Predominantly Light/Salvaged Material"
"614","IlocosRegion",62,5,1,"Predominantly Strong Material"
"615","Visayas",39,4,0,"Predominantly Strong Material"
"616","CentralLuzon",43,1,0,"Predominantly Strong Material"
"617","Visayas",60,5,0,"Predominantly Strong Material"
"618","MetroManila",48,0,0,"Predominantly Strong Material"
"619","DavaoRegion",55,2,0,"Predominantly Strong Material"
"620","Visayas",62,4,0,"Predominantly Strong Material"
"621","Visayas",68,1,0,"Predominantly Strong Material"
"622","Visayas",61,0,0,"Predominantly Strong Material"
"623","CentralLuzon",60,6,1,"Predominantly Light/Salvaged Material"
"624","DavaoRegion",45,4,0,"Predominantly Strong Material"
"625","CentralLuzon",75,0,0,"Predominantly Strong Material"
"626","IlocosRegion",62,5,2,"Predominantly Strong Material"
"627","CentralLuzon",32,3,0,"Predominantly Strong Material"
"628","Visayas",41,4,0,"Predominantly Strong Material"
"629","Visayas",69,6,1,"Predominantly Strong Material"
"630","Visayas",35,2,1,"Predominantly Strong Material"
"631","CentralLuzon",65,1,0,"Predominantly Strong Material"
"632","IlocosRegion",51,0,0,"Predominantly Strong Material"
"633","DavaoRegion",31,5,2,"Predominantly Light/Salvaged Material"
"634","Visayas",63,1,0,"Predominantly Strong Material"
"635","Visayas",31,7,2,"Predominantly Strong Material"
"636","IlocosRegion",64,3,0,"Predominantly Strong Material"
"637","DavaoRegion",42,4,0,"Predominantly Strong Material"
"638","IlocosRegion",43,5,1,"Predominantly Strong Material"
"639","Visayas",85,6,1,"Predominantly Strong Material"
"640","DavaoRegion",20,1,0,"Predominantly Strong Material"
"641","MetroManila",37,3,0,"Predominantly Strong Material"
"642","Visayas",45,9,1,"Predominantly Strong Material"
"643","MetroManila",54,4,0,"Predominantly Strong Material"
"644","Visayas",56,0,0,"Predominantly Strong Material"
"645","DavaoRegion",42,4,0,"Predominantly Strong Material"
"646","Visayas",78,1,0,"Predominantly Strong Material"
"647","MetroManila",48,8,1,"Predominantly Strong Material"
"648","CentralLuzon",66,3,0,"Predominantly Strong Material"
"649","Visayas",41,2,1,"Predominantly Light/Salvaged Material"
"650","Visayas",50,7,1,"Predominantly Strong Material"
"651","DavaoRegion",52,2,0,"Predominantly Strong Material"
"652","Visayas",49,3,0,"Predominantly Strong Material"
"653","MetroManila",76,1,0,"Predominantly Strong Material"
"654","IlocosRegion",79,7,1,"Predominantly Strong Material"
"655","MetroManila",49,7,0,"Predominantly Strong Material"
"656","MetroManila",53,5,0,"Predominantly Strong Material"
"657","CentralLuzon",67,1,0,"Predominantly Strong Material"
"658","Visayas",42,4,0,"Predominantly Light/Salvaged Material"
"659","CentralLuzon",57,2,0,"Predominantly Strong Material"
"660","CentralLuzon",36,6,2,"Predominantly Strong Material"
"661","MetroManila",53,2,0,"Predominantly Strong Material"
"662","MetroManila",73,0,0,"Predominantly Strong Material"
"663","MetroManila",40,1,0,"Predominantly Strong Material"
"664","DavaoRegion",52,3,0,"Predominantly Strong Material"
"665","CentralLuzon",56,4,0,"Predominantly Strong Material"
"666","CentralLuzon",69,4,1,"Predominantly Strong Material"
"667","CentralLuzon",38,3,0,"Predominantly Strong Material"
"668","Visayas",70,1,0,"Predominantly Strong Material"
"669","MetroManila",39,3,0,"Predominantly Strong Material"
"670","Visayas",40,5,2,"Predominantly Light/Salvaged Material"
"671","MetroManila",56,6,0,"Predominantly Strong Material"
"672","DavaoRegion",75,2,0,"Predominantly Strong Material"
"673","MetroManila",54,1,0,"Predominantly Strong Material"
"674","Visayas",33,5,1,"Predominantly Strong Material"
"675","MetroManila",48,7,2,"Predominantly Strong Material"
"676","IlocosRegion",62,3,0,"Predominantly Strong Material"
"677","DavaoRegion",60,1,0,"Predominantly Strong Material"
"678","Visayas",54,7,0,"Predominantly Strong Material"
"679","MetroManila",40,4,0,"Predominantly Strong Material"
"680","DavaoRegion",59,4,0,"Predominantly Strong Material"
"681","MetroManila",53,3,0,"Predominantly Strong Material"
"682","DavaoRegion",59,1,0,"Predominantly Strong Material"
"683","MetroManila",68,4,0,"Predominantly Strong Material"
"684","Visayas",49,9,0,"Predominantly Strong Material"
"685","MetroManila",65,4,0,"Predominantly Strong Material"
"686","MetroManila",48,6,0,"Predominantly Strong Material"
"687","DavaoRegion",71,0,0,"Predominantly Strong Material"
"688","DavaoRegion",72,0,0,"Predominantly Light/Salvaged Material"
"689","IlocosRegion",51,3,0,"Predominantly Light/Salvaged Material"
"690","MetroManila",64,5,0,"Predominantly Strong Material"
"691","DavaoRegion",53,5,2,"Predominantly Strong Material"
"692","Visayas",53,5,0,"Predominantly Strong Material"
"693","Visayas",54,8,0,"Predominantly Strong Material"
"694","CentralLuzon",56,5,1,"Predominantly Strong Material"
"695","MetroManila",66,1,0,"Predominantly Strong Material"
"696","MetroManila",66,1,0,"Predominantly Strong Material"
"697","Visayas",69,9,1,"Predominantly Strong Material"
"698","Visayas",34,3,0,"Predominantly Strong Material"
"699","DavaoRegion",54,4,0,"Predominantly Strong Material"
"700","Visayas",32,5,2,"Predominantly Strong Material"
"701","Visayas",29,4,2,"Predominantly Strong Material"
"702","Visayas",77,1,0,"Predominantly Strong Material"
"703","IlocosRegion",39,2,1,"Predominantly Strong Material"
"704","CentralLuzon",33,3,0,"Predominantly Strong Material"
"705","CentralLuzon",45,4,0,"Predominantly Strong Material"
"706","MetroManila",49,4,0,"Predominantly Strong Material"
"707","Visayas",49,6,0,"Predominantly Strong Material"
"708","Visayas",34,2,1,"Predominantly Strong Material"
"709","Visayas",47,3,0,"Predominantly Strong Material"
"710","MetroManila",50,2,1,"Predominantly Strong Material"
"711","MetroManila",35,0,0,"Predominantly Strong Material"
"712","MetroManila",57,3,0,"Predominantly Strong Material"
"713","CentralLuzon",65,8,2,"Predominantly Strong Material"
"714","Visayas",40,4,1,"Predominantly Strong Material"
"715","DavaoRegion",50,3,0,"Predominantly Strong Material"
"716","Visayas",26,3,2,"Predominantly Light/Salvaged Material"
"717","IlocosRegion",69,1,0,"Predominantly Strong Material"
"718","Visayas",63,9,2,"Predominantly Strong Material"
"719","IlocosRegion",62,5,0,"Predominantly Strong Material"
"720","MetroManila",53,4,0,"Predominantly Strong Material"
"721","Visayas",38,7,1,"Predominantly Strong Material"
"722","Visayas",74,1,0,"Predominantly Strong Material"
"723","IlocosRegion",35,2,1,"Predominantly Strong Material"
"724","CentralLuzon",53,1,0,"Predominantly Strong Material"
"725","MetroManila",44,5,0,"Predominantly Strong Material"
"726","Visayas",58,4,0,"Predominantly Strong Material"
"727","IlocosRegion",44,3,0,"Predominantly Strong Material"
"728","CentralLuzon",80,4,0,"Predominantly Strong Material"
"729","Visayas",50,1,0,"Predominantly Strong Material"
"730","CentralLuzon",73,1,0,"Predominantly Strong Material"
"731","Visayas",54,1,0,"Predominantly Light/Salvaged Material"
"732","Visayas",67,6,0,"Predominantly Strong Material"
"733","DavaoRegion",60,8,0,"Predominantly Strong Material"
"734","CentralLuzon",53,6,1,"Predominantly Strong Material"
"735","CentralLuzon",38,3,0,"Predominantly Strong Material"
"736","CentralLuzon",69,5,0,"Predominantly Strong Material"
"737","MetroManila",39,3,1,"Predominantly Strong Material"
"738","Visayas",43,2,0,"Predominantly Strong Material"
"739","Visayas",46,5,0,"Predominantly Strong Material"
"740","IlocosRegion",38,4,1,"Predominantly Strong Material"
"741","MetroManila",62,8,1,"Predominantly Strong Material"
"742","IlocosRegion",37,5,0,"Predominantly Strong Material"
"743","DavaoRegion",33,5,2,"Predominantly Strong Material"
"744","Visayas",55,3,0,"Predominantly Strong Material"
"745","Visayas",37,3,1,"Predominantly Strong Material"
"746","Visayas",39,4,0,"Predominantly Strong Material"
"747","Visayas",48,3,0,"Predominantly Strong Material"
"748","CentralLuzon",48,7,0,"Predominantly Strong Material"
"749","MetroManila",50,1,0,"Predominantly Strong Material"
"750","CentralLuzon",32,3,1,"Predominantly Strong Material"
"751","DavaoRegion",40,2,0,"Predominantly Strong Material"
"752","MetroManila",71,2,0,"Predominantly Strong Material"
"753","CentralLuzon",59,4,0,"Predominantly Strong Material"
"754","Visayas",47,2,0,"Predominantly Strong Material"
"755","Visayas",40,7,1,"Predominantly Strong Material"
"756","CentralLuzon",53,4,0,"Predominantly Strong Material"
"757","MetroManila",62,5,0,"Predominantly Strong Material"
"758","Visayas",46,5,0,"Predominantly Strong Material"
"759","IlocosRegion",49,5,0,"Predominantly Strong Material"
"760","MetroManila",72,4,0,"Predominantly Strong Material"
"761","Visayas",53,4,0,"Predominantly Strong Material"
"762","Visayas",42,8,0,"Predominantly Strong Material"
"763","CentralLuzon",48,4,0,"Predominantly Strong Material"
"764","Visayas",68,8,1,"Predominantly Light/Salvaged Material"
"765","CentralLuzon",32,5,1,"Predominantly Strong Material"
"766","MetroManila",44,2,0,"Predominantly Strong Material"
"767","Visayas",51,5,1,"Predominantly Strong Material"
"768","Visayas",65,1,0,"Predominantly Strong Material"
"769","Visayas",44,6,0,"Predominantly Strong Material"
"770","IlocosRegion",79,3,0,"Predominantly Light/Salvaged Material"
"771","MetroManila",39,4,0,"Predominantly Strong Material"
"772","DavaoRegion",30,4,1,"Predominantly Strong Material"
"773","MetroManila",84,1,0,"Predominantly Strong Material"
"774","Visayas",36,9,1,"Predominantly Light/Salvaged Material"
"775","Visayas",76,5,0,"Predominantly Strong Material"
"776","DavaoRegion",58,1,0,"Predominantly Strong Material"
"777","DavaoRegion",45,4,0,"Predominantly Strong Material"
"778","Visayas",72,4,0,"Predominantly Strong Material"
"779","Visayas",53,6,2,"Predominantly Strong Material"
"780","IlocosRegion",56,3,0,"Predominantly Strong Material"
"781","CentralLuzon",48,6,0,"Predominantly Strong Material"
"782","Visayas",85,2,0,"Predominantly Strong Material"
"783","MetroManila",35,6,1,"Predominantly Strong Material"
"784","DavaoRegion",23,2,0,"Predominantly Strong Material"
"785","DavaoRegion",33,4,1,"Predominantly Strong Material"
"786","CentralLuzon",69,1,0,"Predominantly Strong Material"
"787","IlocosRegion",51,6,1,"Predominantly Strong Material"
"788","DavaoRegion",30,4,1,"Predominantly Strong Material"
"789","CentralLuzon",32,4,0,"Predominantly Strong Material"
"790","MetroManila",61,2,0,"Predominantly Strong Material"
"791","CentralLuzon",43,2,0,"Predominantly Strong Material"
"792","Visayas",39,3,0,"Predominantly Strong Material"
"793","MetroManila",64,2,0,"Predominantly Strong Material"
"794","Visayas",61,8,3,"Predominantly Strong Material"
"795","MetroManila",58,6,1,"Predominantly Strong Material"
"796","Visayas",77,4,1,"Predominantly Strong Material"
"797","MetroManila",75,3,0,"Predominantly Strong Material"
"798","IlocosRegion",31,2,0,"Predominantly Strong Material"
"799","Visayas",46,4,0,"Predominantly Strong Material"
"800","MetroManila",43,5,0,"Predominantly Strong Material"
"801","IlocosRegion",38,7,0,"Predominantly Strong Material"
"802","CentralLuzon",43,2,0,"Predominantly Strong Material"
"803","DavaoRegion",45,4,0,"Predominantly Strong Material"
"804","Visayas",57,4,0,"Predominantly Strong Material"
"805","Visayas",44,8,1,"Predominantly Strong Material"
"806","Visayas",31,3,2,"Predominantly Strong Material"
"807","DavaoRegion",42,2,0,"Predominantly Strong Material"
"808","Visayas",55,4,1,"Predominantly Strong Material"
"809","DavaoRegion",38,3,0,"Predominantly Strong Material"
"810","DavaoRegion",55,1,0,"Predominantly Light/Salvaged Material"
"811","IlocosRegion",74,1,0,"Predominantly Strong Material"
"812","Visayas",53,6,1,"Predominantly Strong Material"
"813","IlocosRegion",60,4,1,"Predominantly Strong Material"
"814","IlocosRegion",65,2,0,"Predominantly Strong Material"
"815","MetroManila",32,3,2,"Predominantly Strong Material"
"816","Visayas",50,3,0,"Predominantly Strong Material"
"817","Visayas",74,1,0,"Predominantly Strong Material"
"818","CentralLuzon",60,12,2,"Predominantly Strong Material"
"819","MetroManila",35,4,0,"Predominantly Strong Material"
"820","CentralLuzon",25,4,1,"Predominantly Strong Material"
"821","DavaoRegion",58,4,0,"Predominantly Strong Material"
"822","MetroManila",57,3,0,"Predominantly Strong Material"
"823","IlocosRegion",49,4,1,"Predominantly Strong Material"
"824","CentralLuzon",76,1,0,"Predominantly Strong Material"
"825","MetroManila",32,3,1,"Predominantly Strong Material"
"826","Visayas",38,5,1,"Predominantly Strong Material"
"827","CentralLuzon",68,1,0,"Predominantly Strong Material"
"828","MetroManila",43,3,0,"Predominantly Strong Material"
"829","DavaoRegion",38,4,1,"Predominantly Strong Material"
"830","Visayas",69,2,1,"Predominantly Strong Material"
"831","Visayas",69,9,2,"Predominantly Strong Material"
"832","Visayas",59,4,0,"Predominantly Strong Material"
"833","Visayas",49,11,0,"Predominantly Strong Material"
"834","Visayas",37,1,0,"Predominantly Light/Salvaged Material"
"835","Visayas",40,4,0,"Predominantly Strong Material"
"836","CentralLuzon",69,0,0,"Predominantly Strong Material"
"837","CentralLuzon",41,2,0,"Predominantly Strong Material"
"838","Visayas",43,1,0,"Predominantly Strong Material"
"839","MetroManila",49,3,0,"Predominantly Strong Material"
"840","Visayas",31,5,2,"Predominantly Strong Material"
"841","Visayas",86,1,0,"Predominantly Strong Material"
"842","Visayas",74,5,0,"Predominantly Strong Material"
"843","MetroManila",27,4,3,"Predominantly Strong Material"
"844","CentralLuzon",32,2,0,"Predominantly Strong Material"
"845","MetroManila",46,4,1,"Predominantly Strong Material"
"846","Visayas",47,3,0,"Predominantly Light/Salvaged Material"
"847","Visayas",50,6,0,"Predominantly Strong Material"
"848","IlocosRegion",70,1,0,"Predominantly Strong Material"
"849","Visayas",39,4,0,"Predominantly Strong Material"
"850","Visayas",56,5,2,"Predominantly Strong Material"
"851","IlocosRegion",67,4,0,"Predominantly Strong Material"
"852","DavaoRegion",64,4,1,"Predominantly Strong Material"
"853","MetroManila",42,3,0,"Predominantly Strong Material"
"854","MetroManila",37,6,0,"Predominantly Strong Material"
"855","Visayas",63,3,0,"Predominantly Strong Material"
"856","MetroManila",37,1,0,"Predominantly Strong Material"
"857","Visayas",44,9,1,"Predominantly Strong Material"
"858","MetroManila",48,5,3,"Predominantly Strong Material"
"859","Visayas",49,3,0,"Predominantly Strong Material"
"860","CentralLuzon",85,4,0,"Predominantly Strong Material"
"861","CentralLuzon",46,4,0,"Predominantly Strong Material"
"862","Visayas",53,2,0,"Predominantly Light/Salvaged Material"
"863","IlocosRegion",27,3,0,"Predominantly Light/Salvaged Material"
"864","MetroManila",72,10,0,"Predominantly Strong Material"
"865","Visayas",43,5,0,"Predominantly Strong Material"
"866","Visayas",65,4,1,"Predominantly Strong Material"
"867","CentralLuzon",45,6,1,"Predominantly Strong Material"
"868","CentralLuzon",51,4,0,"Predominantly Strong Material"
"869","MetroManila",58,3,0,"Predominantly Strong Material"
"870","Visayas",69,1,0,"Predominantly Strong Material"
"871","Visayas",57,3,0,"Predominantly Light/Salvaged Material"
"872","DavaoRegion",60,4,0,"Predominantly Strong Material"
"873","Visayas",58,2,0,"Predominantly Strong Material"
"874","Visayas",33,2,0,"Predominantly Light/Salvaged Material"
"875","MetroManila",37,3,0,"Predominantly Strong Material"
"876","IlocosRegion",58,5,2,"Predominantly Strong Material"
"877","CentralLuzon",70,5,0,"Predominantly Strong Material"
"878","DavaoRegion",67,1,0,"Predominantly Strong Material"
"879","CentralLuzon",52,3,0,"Predominantly Strong Material"
"880","Visayas",44,4,1,"Predominantly Strong Material"
"881","Visayas",40,5,0,"Predominantly Strong Material"
"882","CentralLuzon",50,9,1,"Predominantly Strong Material"
"883","IlocosRegion",41,5,0,"Predominantly Strong Material"
"884","DavaoRegion",77,1,0,"Predominantly Strong Material"
"885","Visayas",65,1,0,"Predominantly Strong Material"
"886","Visayas",48,8,1,"Predominantly Light/Salvaged Material"
"887","CentralLuzon",64,2,0,"Predominantly Strong Material"
"888","Visayas",49,1,0,"Predominantly Strong Material"
"889","MetroManila",41,5,0,"Predominantly Strong Material"
"890","Visayas",30,3,1,"Predominantly Strong Material"
"891","IlocosRegion",80,0,0,"Predominantly Light/Salvaged Material"
"892","Visayas",83,1,0,"Predominantly Strong Material"
"893","Visayas",53,8,1,"Predominantly Strong Material"
"894","Visayas",53,3,0,"Predominantly Strong Material"
"895","Visayas",54,9,2,"Predominantly Strong Material"
"896","DavaoRegion",36,2,0,"Predominantly Light/Salvaged Material"
"897","IlocosRegion",31,3,0,"Predominantly Light/Salvaged Material"
"898","IlocosRegion",49,2,0,"Predominantly Strong Material"
"899","DavaoRegion",46,0,0,"Predominantly Strong Material"
"900","Visayas",69,4,0,"Predominantly Strong Material"
"901","Visayas",36,2,1,"Predominantly Strong Material"
"902","MetroManila",62,3,0,"Predominantly Strong Material"
"903","Visayas",53,3,0,"Predominantly Strong Material"
"904","MetroManila",32,4,1,"Predominantly Light/Salvaged Material"
"905","CentralLuzon",37,2,0,"Predominantly Strong Material"
"906","MetroManila",35,1,0,"Predominantly Strong Material"
"907","Visayas",67,4,0,"Predominantly Strong Material"
"908","Visayas",58,2,1,"Predominantly Strong Material"
"909","Visayas",71,0,0,"Predominantly Strong Material"
"910","IlocosRegion",36,2,1,"Predominantly Strong Material"
"911","CentralLuzon",82,3,0,"Predominantly Strong Material"
"912","CentralLuzon",70,1,0,"Predominantly Strong Material"
"913","Visayas",48,5,2,"Predominantly Strong Material"
"914","Visayas",46,5,0,"Predominantly Strong Material"
"915","Visayas",55,2,0,"Predominantly Light/Salvaged Material"
"916","CentralLuzon",73,2,0,"Predominantly Light/Salvaged Material"
"917","Visayas",30,2,0,"Predominantly Strong Material"
"918","Visayas",52,3,0,"Predominantly Strong Material"
"919","Visayas",25,2,0,"Predominantly Strong Material"
"920","DavaoRegion",46,5,0,"Predominantly Strong Material"
"921","Visayas",32,2,0,"Predominantly Strong Material"
"922","CentralLuzon",51,4,0,"Predominantly Strong Material"
"923","DavaoRegion",48,4,1,"Predominantly Strong Material"
"924","Visayas",48,5,0,"Predominantly Strong Material"
"925","Visayas",44,3,0,"Predominantly Strong Material"
"926","CentralLuzon",62,3,0,"Predominantly Strong Material"
"927","IlocosRegion",58,5,0,"Predominantly Strong Material"
"928","Visayas",60,0,0,"Predominantly Strong Material"
"929","CentralLuzon",64,1,0,"Predominantly Light/Salvaged Material"
"930","Visayas",49,6,1,"Predominantly Light/Salvaged Material"
"931","MetroManila",50,5,0,"Predominantly Strong Material"
"932","CentralLuzon",40,4,0,"Predominantly Strong Material"
"933","Visayas",37,4,2,"Predominantly Strong Material"
"934","IlocosRegion",64,2,0,"Predominantly Strong Material"
"935","Visayas",41,3,1,"Predominantly Strong Material"
"936","CentralLuzon",63,5,0,"Predominantly Strong Material"
"937","IlocosRegion",49,9,1,"Predominantly Strong Material"
"938","IlocosRegion",56,8,1,"Predominantly Strong Material"
"939","IlocosRegion",88,0,0,"Predominantly Strong Material"
"940","Visayas",69,1,0,"Predominantly Strong Material"
"941","MetroManila",41,3,0,"Predominantly Strong Material"
"942","Visayas",43,7,1,"Predominantly Light/Salvaged Material"
"943","CentralLuzon",47,4,0,"Predominantly Strong Material"
"944","Visayas",59,1,0,"Predominantly Strong Material"
"945","CentralLuzon",36,4,0,"Predominantly Strong Material"
"946","Visayas",53,6,1,"Predominantly Strong Material"
"947","DavaoRegion",55,2,0,"Predominantly Strong Material"
"948","Visayas",39,3,0,"Predominantly Light/Salvaged Material"
"949","CentralLuzon",32,4,1,"Predominantly Strong Material"
"950","Visayas",46,3,0,"Predominantly Strong Material"
"951","MetroManila",43,6,1,"Predominantly Strong Material"
"952","IlocosRegion",50,2,0,"Predominantly Strong Material"
"953","CentralLuzon",73,3,0,"Predominantly Strong Material"
"954","MetroManila",42,3,1,"Predominantly Strong Material"
"955","Visayas",66,4,0,"Predominantly Strong Material"
"956","Visayas",64,2,0,"Predominantly Light/Salvaged Material"
"957","Visayas",29,3,2,"Predominantly Strong Material"
"958","DavaoRegion",79,1,0,"Predominantly Strong Material"
"959","IlocosRegion",65,0,0,"Predominantly Strong Material"
"960","Visayas",66,2,0,"Predominantly Strong Material"
"961","CentralLuzon",59,3,0,"Predominantly Strong Material"
"962","MetroManila",79,3,0,"Predominantly Strong Material"
"963","Visayas",61,2,0,"Predominantly Strong Material"
"964","Visayas",44,7,1,"Predominantly Strong Material"
"965","Visayas",77,2,0,"Predominantly Strong Material"
"966","CentralLuzon",55,0,0,"Predominantly Strong Material"
"967","MetroManila",57,6,0,"Predominantly Strong Material"
"968","DavaoRegion",50,3,0,"Predominantly Strong Material"
"969","DavaoRegion",52,4,1,"Predominantly Strong Material"
"970","DavaoRegion",50,2,0,"Predominantly Light/Salvaged Material"
"971","Visayas",37,0,0,"Predominantly Strong Material"
"972","DavaoRegion",77,1,0,"Predominantly Strong Material"
"973","IlocosRegion",55,3,0,"Predominantly Strong Material"
"974","CentralLuzon",44,5,0,"Predominantly Light/Salvaged Material"
"975","MetroManila",37,5,1,"Predominantly Strong Material"
"976","Visayas",35,6,0,"Predominantly Strong Material"
"977","DavaoRegion",40,4,2,"Predominantly Strong Material"
"978","MetroManila",49,6,1,"Predominantly Strong Material"
"979","CentralLuzon",66,5,0,"Predominantly Strong Material"
"980","MetroManila",33,3,2,"Predominantly Strong Material"
"981","DavaoRegion",35,5,0,"Predominantly Strong Material"
"982","Visayas",62,4,1,"Predominantly Strong Material"
"983","CentralLuzon",70,5,0,"Predominantly Strong Material"
"984","MetroManila",59,2,0,"Predominantly Strong Material"
"985","DavaoRegion",77,4,0,"Predominantly Strong Material"
"986","DavaoRegion",43,2,1,"Predominantly Strong Material"
"987","DavaoRegion",66,5,0,"Predominantly Strong Material"
"988","MetroManila",46,2,0,"Predominantly Strong Material"
"989","MetroManila",75,6,1,"Predominantly Strong Material"
"990","IlocosRegion",51,4,0,"Predominantly Strong Material"
"991","CentralLuzon",27,2,0,"Predominantly Strong Material"
"992","MetroManila",82,0,0,"Predominantly Light/Salvaged Material"
"993","MetroManila",55,3,0,"Predominantly Strong Material"
"994","DavaoRegion",69,6,0,"Predominantly Strong Material"
"995","IlocosRegion",53,5,1,"Predominantly Strong Material"
"996","CentralLuzon",77,1,0,"Predominantly Strong Material"
"997","DavaoRegion",61,1,0,"Predominantly Strong Material"
"998","CentralLuzon",52,4,1,"Predominantly Strong Material"
"999","IlocosRegion",81,1,0,"Predominantly Strong Material"
"1000","CentralLuzon",51,4,0,"Predominantly Strong Material"
"1001","CentralLuzon",84,4,0,"Predominantly Strong Material"
"1002","MetroManila",45,3,0,"Predominantly Strong Material"
"1003","MetroManila",60,1,0,"Predominantly Strong Material"
"1004","MetroManila",34,3,1,"Predominantly Strong Material"
"1005","CentralLuzon",52,0,0,"Predominantly Strong Material"
"1006","Visayas",45,7,0,"Predominantly Strong Material"
"1007","MetroManila",64,3,0,"Predominantly Strong Material"
"1008","Visayas",60,3,0,"Predominantly Strong Material"
"1009","DavaoRegion",45,6,0,"Predominantly Strong Material"
"1010","CentralLuzon",40,3,0,"Predominantly Strong Material"
"1011","IlocosRegion",60,4,0,"Predominantly Strong Material"
"1012","MetroManila",38,1,0,"Predominantly Strong Material"
"1013","Visayas",53,6,0,"Predominantly Light/Salvaged Material"
"1014","Visayas",48,7,0,"Predominantly Strong Material"
"1015","Visayas",43,7,2,"Predominantly Strong Material"
"1016","Visayas",34,1,0,"Predominantly Strong Material"
"1017","Visayas",29,3,2,"Predominantly Strong Material"
"1018","CentralLuzon",98,0,0,"Predominantly Strong Material"
"1019","IlocosRegion",49,2,0,"Predominantly Strong Material"
"1020","MetroManila",40,6,0,"Predominantly Strong Material"
"1021","DavaoRegion",37,2,0,"Predominantly Strong Material"
"1022","Visayas",73,0,0,"Predominantly Strong Material"
"1023","MetroManila",33,3,1,"Predominantly Strong Material"
"1024","Visayas",77,6,0,"Predominantly Strong Material"
"1025","DavaoRegion",72,1,0,"Predominantly Strong Material"
"1026","CentralLuzon",39,3,0,"Predominantly Strong Material"
"1027","IlocosRegion",72,11,1,"Predominantly Strong Material"
"1028","Visayas",62,3,1,"Predominantly Strong Material"
"1029","Visayas",45,3,0,"Predominantly Light/Salvaged Material"
"1030","IlocosRegion",35,5,1,"Predominantly Strong Material"
"1031","MetroManila",26,2,1,"Predominantly Strong Material"
"1032","MetroManila",51,1,0,"Predominantly Strong Material"
"1033","MetroManila",67,6,0,"Predominantly Strong Material"
"1034","Visayas",63,3,0,"Predominantly Strong Material"
"1035","Visayas",59,3,0,"Predominantly Strong Material"
"1036","Visayas",45,2,0,"Predominantly Strong Material"
"1037","CentralLuzon",47,12,2,"Predominantly Strong Material"
"1038","Visayas",77,1,0,"Predominantly Strong Material"
"1039","IlocosRegion",28,2,0,"Predominantly Strong Material"
"1040","MetroManila",53,7,1,"Predominantly Strong Material"
"1041","Visayas",51,7,1,"Predominantly Light/Salvaged Material"
"1042","Visayas",75,2,0,"Predominantly Strong Material"
"1043","Visayas",79,4,0,"Predominantly Strong Material"
"1044","MetroManila",29,2,1,"Predominantly Strong Material"
"1045","DavaoRegion",68,1,0,"Predominantly Light/Salvaged Material"
"1046","IlocosRegion",32,2,0,"Predominantly Strong Material"
"1047","MetroManila",61,8,1,"Predominantly Strong Material"
"1048","Visayas",52,5,0,"Predominantly Strong Material"
"1049","DavaoRegion",37,6,1,"Predominantly Strong Material"
"1050","IlocosRegion",47,4,1,"Predominantly Strong Material"
"1051","MetroManila",33,6,0,"Predominantly Strong Material"
"1052","IlocosRegion",44,4,0,"Predominantly Light/Salvaged Material"
"1053","Visayas",55,1,0,"Predominantly Strong Material"
"1054","CentralLuzon",42,2,0,"Predominantly Light/Salvaged Material"
"1055","IlocosRegion",46,3,0,"Predominantly Strong Material"
"1056","IlocosRegion",35,5,1,"Predominantly Strong Material"
"1057","DavaoRegion",55,3,0,"Predominantly Light/Salvaged Material"
"1058","MetroManila",41,5,1,"Predominantly Strong Material"
"1059","Visayas",43,8,1,"Predominantly Strong Material"
"1060","Visayas",65,2,1,"Predominantly Strong Material"
"1061","DavaoRegion",48,5,1,"Predominantly Strong Material"
"1062","IlocosRegion",47,7,0,"Predominantly Strong Material"
"1063","Visayas",66,1,0,"Predominantly Strong Material"
"1064","Visayas",40,4,1,"Predominantly Strong Material"
"1065","Visayas",55,4,0,"Predominantly Strong Material"
"1066","DavaoRegion",37,4,1,"Predominantly Strong Material"
"1067","IlocosRegion",43,2,0,"Predominantly Strong Material"
"1068","Visayas",31,4,2,"Predominantly Strong Material"
"1069","CentralLuzon",49,3,0,"Predominantly Strong Material"
"1070","IlocosRegion",61,6,0,"Predominantly Strong Material"
"1071","DavaoRegion",39,3,0,"Predominantly Strong Material"
"1072","CentralLuzon",33,2,1,"Predominantly Strong Material"
"1073","DavaoRegion",45,2,0,"Predominantly Strong Material"
"1074","MetroManila",59,5,0,"Predominantly Light/Salvaged Material"
"1075","MetroManila",68,8,0,"Predominantly Strong Material"
"1076","Visayas",42,1,0,"Predominantly Strong Material"
"1077","CentralLuzon",45,4,0,"Predominantly Strong Material"
"1078","DavaoRegion",47,3,0,"Predominantly Strong Material"
"1079","IlocosRegion",39,4,1,"Predominantly Strong Material"
"1080","Visayas",44,7,1,"Predominantly Strong Material"
"1081","DavaoRegion",54,4,0,"Predominantly Strong Material"
"1082","MetroManila",28,1,0,"Predominantly Strong Material"
"1083","Visayas",58,7,1,"Predominantly Strong Material"
"1084","MetroManila",33,5,2,"Predominantly Strong Material"
"1085","IlocosRegion",38,3,0,"Predominantly Strong Material"
"1086","IlocosRegion",59,1,0,"Predominantly Strong Material"
"1087","MetroManila",65,4,0,"Predominantly Strong Material"
"1088","DavaoRegion",34,7,1,"Predominantly Strong Material"
"1089","Visayas",68,4,1,"Predominantly Strong Material"
"1090","IlocosRegion",75,1,0,"Predominantly Strong Material"
"1091","Visayas",44,7,0,"Predominantly Strong Material"
"1092","IlocosRegion",57,2,0,"Predominantly Light/Salvaged Material"
"1093","Visayas",39,0,0,"Predominantly Strong Material"
"1094","IlocosRegion",75,4,0,"Predominantly Strong Material"
"1095","IlocosRegion",63,2,0,"Predominantly Strong Material"
"1096","MetroManila",48,2,0,"Predominantly Strong Material"
"1097","MetroManila",46,3,0,"Predominantly Strong Material"
"1098","CentralLuzon",63,3,0,"Predominantly Strong Material"
"1099","Visayas",54,4,1,"Predominantly Strong Material"
"1100","DavaoRegion",43,6,1,"Predominantly Strong Material"
"1101","Visayas",33,5,1,"Predominantly Strong Material"
"1102","IlocosRegion",56,3,0,"Predominantly Strong Material"
"1103","Visayas",48,5,0,"Predominantly Strong Material"
"1104","Visayas",35,3,0,"Predominantly Strong Material"
"1105","Visayas",63,4,0,"Predominantly Strong Material"
"1106","Visayas",53,0,0,"Predominantly Strong Material"
"1107","MetroManila",43,7,0,"Predominantly Strong Material"
"1108","Visayas",55,6,0,"Predominantly Strong Material"
"1109","Visayas",50,1,0,"Predominantly Light/Salvaged Material"
"1110","Visayas",49,8,1,"Predominantly Strong Material"
"1111","Visayas",56,6,1,"Predominantly Light/Salvaged Material"
"1112","Visayas",31,3,1,"Predominantly Strong Material"
"1113","IlocosRegion",60,3,1,"Predominantly Strong Material"
"1114","Visayas",61,6,1,"Predominantly Strong Material"
"1115","Visayas",71,2,1,"Predominantly Strong Material"
"1116","Visayas",42,1,0,"Predominantly Light/Salvaged Material"
"1117","MetroManila",37,3,1,"Predominantly Strong Material"
"1118","IlocosRegion",82,1,0,"Predominantly Strong Material"
"1119","Visayas",64,4,0,"Predominantly Strong Material"
"1120","CentralLuzon",80,4,0,"Predominantly Strong Material"
"1121","IlocosRegion",45,8,1,"Predominantly Strong Material"
"1122","Visayas",46,3,0,"Predominantly Strong Material"
"1123","Visayas",71,0,0,"Predominantly Strong Material"
"1124","MetroManila",34,2,1,"Predominantly Strong Material"
"1125","Visayas",61,2,0,"Predominantly Strong Material"
"1126","CentralLuzon",31,4,0,"Predominantly Strong Material"
"1127","Visayas",62,7,2,"Predominantly Strong Material"
"1128","Visayas",56,2,0,"Predominantly Strong Material"
"1129","Visayas",58,4,0,"Predominantly Light/Salvaged Material"
"1130","Visayas",42,2,0,"Predominantly Light/Salvaged Material"
"1131","MetroManila",44,3,1,"Predominantly Light/Salvaged Material"
"1132","MetroManila",54,4,0,"Predominantly Strong Material"
"1133","Visayas",62,8,0,"Predominantly Strong Material"
"1134","MetroManila",49,5,0,"Predominantly Strong Material"
"1135","MetroManila",39,4,0,"Predominantly Strong Material"
"1136","DavaoRegion",25,3,1,"Predominantly Strong Material"
"1137","CentralLuzon",38,2,0,"Predominantly Strong Material"
"1138","MetroManila",40,5,0,"Predominantly Strong Material"
"1139","IlocosRegion",41,1,0,"Predominantly Strong Material"
"1140","Visayas",71,4,0,"Predominantly Strong Material"
"1141","DavaoRegion",73,1,0,"Predominantly Strong Material"
"1142","CentralLuzon",65,6,0,"Predominantly Strong Material"
"1143","IlocosRegion",41,4,0,"Predominantly Strong Material"
"1144","DavaoRegion",63,1,0,"Predominantly Strong Material"
"1145","DavaoRegion",31,0,0,"Predominantly Light/Salvaged Material"
"1146","Visayas",31,3,1,"Predominantly Light/Salvaged Material"
"1147","CentralLuzon",55,7,0,"Predominantly Strong Material"
"1148","CentralLuzon",62,3,1,"Predominantly Strong Material"
"1149","Visayas",52,2,0,"Predominantly Strong Material"
"1150","Visayas",53,0,0,"Predominantly Strong Material"
"1151","Visayas",43,9,1,"Predominantly Strong Material"
"1152","Visayas",74,3,0,"Predominantly Strong Material"
"1153","DavaoRegion",73,1,0,"Predominantly Strong Material"
"1154","DavaoRegion",59,2,0,"Predominantly Light/Salvaged Material"
"1155","MetroManila",39,3,1,"Predominantly Strong Material"
"1156","CentralLuzon",72,5,0,"Predominantly Strong Material"
"1157","Visayas",51,3,0,"Predominantly Strong Material"
"1158","IlocosRegion",39,6,0,"Predominantly Strong Material"
"1159","IlocosRegion",42,7,1,"Predominantly Strong Material"
"1160","Visayas",56,6,0,"Predominantly Light/Salvaged Material"
"1161","MetroManila",23,3,1,"Predominantly Strong Material"
"1162","CentralLuzon",66,1,0,"Predominantly Strong Material"
"1163","IlocosRegion",35,5,1,"Predominantly Strong Material"
"1164","Visayas",45,9,1,"Predominantly Strong Material"
"1165","Visayas",63,7,0,"Predominantly Strong Material"
"1166","MetroManila",38,7,1,"Predominantly Strong Material"
"1167","Visayas",55,2,0,"Predominantly Light/Salvaged Material"
"1168","Visayas",80,1,0,"Predominantly Strong Material"
"1169","MetroManila",46,4,0,"Predominantly Strong Material"
"1170","MetroManila",58,4,0,"Predominantly Strong Material"
"1171","Visayas",44,3,0,"Predominantly Strong Material"
"1172","Visayas",63,2,0,"Predominantly Strong Material"
"1173","DavaoRegion",64,10,2,"Predominantly Strong Material"
"1174","CentralLuzon",54,0,0,"Predominantly Strong Material"
"1175","IlocosRegion",52,5,0,"Predominantly Strong Material"
"1176","Visayas",41,6,0,"Predominantly Strong Material"
"1177","MetroManila",53,5,0,"Predominantly Strong Material"
"1178","IlocosRegion",36,5,2,"Predominantly Strong Material"
"1179","CentralLuzon",50,6,0,"Predominantly Strong Material"
"1180","Visayas",31,2,0,"Predominantly Strong Material"
"1181","IlocosRegion",95,2,0,"Predominantly Strong Material"
"1182","DavaoRegion",53,7,2,"Predominantly Strong Material"
"1183","MetroManila",54,4,1,"Predominantly Strong Material"
"1184","IlocosRegion",47,3,0,"Predominantly Strong Material"
"1185","MetroManila",32,3,2,"Predominantly Strong Material"
"1186","Visayas",31,3,2,"Predominantly Strong Material"
"1187","DavaoRegion",52,3,0,"Predominantly Strong Material"
"1188","IlocosRegion",71,5,0,"Predominantly Strong Material"
"1189","Visayas",76,3,0,"Predominantly Strong Material"
"1190","IlocosRegion",88,1,0,"Predominantly Strong Material"
"1191","Visayas",54,1,0,"Predominantly Strong Material"
"1192","MetroManila",48,3,0,"Predominantly Strong Material"
"1193","CentralLuzon",44,5,1,"Predominantly Strong Material"
"1194","MetroManila",60,7,0,"Predominantly Strong Material"
"1195","Visayas",57,2,0,"Predominantly Strong Material"
"1196","Visayas",59,11,3,"Predominantly Light/Salvaged Material"
"1197","IlocosRegion",48,2,1,"Predominantly Strong Material"
"1198","Visayas",55,2,0,"Predominantly Strong Material"
"1199","MetroManila",32,3,1,"Predominantly Strong Material"
"1200","Visayas",38,7,2,"Predominantly Strong Material"
"1201","MetroManila",61,2,0,"Predominantly Strong Material"
"1202","DavaoRegion",45,5,1,"Predominantly Strong Material"
"1203","Visayas",50,5,0,"Predominantly Strong Material"
"1204","Visayas",77,0,0,"Predominantly Strong Material"
"1205","Visayas",49,6,1,"Predominantly Strong Material"
"1206","IlocosRegion",51,6,0,"Predominantly Strong Material"
"1207","CentralLuzon",66,0,0,"Predominantly Strong Material"
"1208","Visayas",59,3,0,"Predominantly Light/Salvaged Material"
"1209","CentralLuzon",54,3,0,"Predominantly Strong Material"
"1210","Visayas",56,1,0,"Predominantly Strong Material"
"1211","MetroManila",70,3,0,"Predominantly Strong Material"
"1212","Visayas",66,1,0,"Predominantly Strong Material"
"1213","Visayas",44,3,0,"Predominantly Strong Material"
"1214","Visayas",47,5,0,"Predominantly Light/Salvaged Material"
"1215","Visayas",59,2,0,"Predominantly Strong Material"
"1216","CentralLuzon",31,2,1,"Predominantly Strong Material"
"1217","Visayas",51,1,0,"Predominantly Strong Material"
"1218","MetroManila",60,9,1,"Predominantly Strong Material"
"1219","MetroManila",69,3,0,"Predominantly Strong Material"
"1220","CentralLuzon",73,2,0,"Predominantly Strong Material"
"1221","IlocosRegion",58,6,0,"Predominantly Strong Material"
"1222","Visayas",70,0,0,"Predominantly Strong Material"
"1223","IlocosRegion",40,4,0,"Predominantly Strong Material"
"1224","Visayas",48,3,0,"Predominantly Light/Salvaged Material"
"1225","Visayas",31,2,1,"Predominantly Strong Material"
"1226","MetroManila",80,2,0,"Predominantly Light/Salvaged Material"
"1227","Visayas",48,2,0,"Predominantly Strong Material"
"1228","CentralLuzon",60,1,0,"Predominantly Strong Material"
"1229","Visayas",82,2,0,"Predominantly Strong Material"
"1230","Visayas",62,6,1,"Predominantly Strong Material"
"1231","MetroManila",55,3,0,"Predominantly Strong Material"
"1232","MetroManila",37,5,0,"Predominantly Strong Material"
"1233","IlocosRegion",35,4,0,"Predominantly Strong Material"
"1234","Visayas",37,5,0,"Predominantly Strong Material"
"1235","MetroManila",50,1,0,"Predominantly Strong Material"
"1236","Visayas",48,6,1,"Predominantly Strong Material"
"1237","CentralLuzon",67,5,0,"Predominantly Light/Salvaged Material"
"1238","DavaoRegion",29,2,0,"Predominantly Strong Material"
"1239","DavaoRegion",65,0,0,"Predominantly Light/Salvaged Material"
"1240","Visayas",33,2,0,"Predominantly Strong Material"
"1241","Visayas",30,2,0,"Predominantly Strong Material"
"1242","DavaoRegion",48,3,0,"Predominantly Strong Material"
"1243","MetroManila",70,3,0,"Predominantly Light/Salvaged Material"
"1244","Visayas",61,1,0,"Predominantly Strong Material"
"1245","Visayas",33,2,0,"Predominantly Strong Material"
"1246","IlocosRegion",57,3,0,"Predominantly Strong Material"
"1247","Visayas",66,2,0,"Predominantly Strong Material"
"1248","DavaoRegion",46,3,0,"Predominantly Strong Material"
"1249","DavaoRegion",41,2,0,"Predominantly Strong Material"
"1250","Visayas",37,3,1,"Predominantly Light/Salvaged Material"
"1251","DavaoRegion",50,5,0,"Predominantly Strong Material"
"1252","CentralLuzon",37,3,0,"Predominantly Strong Material"
"1253","MetroManila",45,2,0,"Predominantly Strong Material"
"1254","Visayas",45,4,0,"Predominantly Strong Material"
"1255","Visayas",54,2,0,"Predominantly Strong Material"
"1256","Visayas",63,0,0,"Predominantly Strong Material"
"1257","Visayas",43,8,0,"Predominantly Strong Material"
"1258","IlocosRegion",55,1,0,"Predominantly Strong Material"
"1259","MetroManila",47,4,1,"Predominantly Strong Material"
"1260","CentralLuzon",63,2,0,"Predominantly Strong Material"
"1261","DavaoRegion",55,4,1,"Predominantly Strong Material"
"1262","MetroManila",76,11,2,"Predominantly Strong Material"
"1263","Visayas",20,3,1,"Predominantly Strong Material"
"1264","MetroManila",44,10,0,"Predominantly Strong Material"
"1265","CentralLuzon",51,1,0,"Predominantly Strong Material"
"1266","MetroManila",51,4,0,"Predominantly Strong Material"
"1267","Visayas",68,9,1,"Predominantly Strong Material"
"1268","Visayas",63,3,0,"Predominantly Strong Material"
"1269","Visayas",53,14,2,"Predominantly Strong Material"
"1270","Visayas",45,6,2,"Predominantly Light/Salvaged Material"
"1271","IlocosRegion",69,1,0,"Predominantly Strong Material"
"1272","CentralLuzon",62,6,0,"Predominantly Strong Material"
"1273","MetroManila",60,3,0,"Predominantly Strong Material"
"1274","IlocosRegion",74,0,0,"Predominantly Strong Material"
"1275","DavaoRegion",63,1,0,"Predominantly Strong Material"
"1276","DavaoRegion",65,5,1,"Predominantly Strong Material"
"1277","Visayas",68,4,0,"Predominantly Strong Material"
"1278","CentralLuzon",71,5,0,"Predominantly Strong Material"
"1279","Visayas",45,4,0,"Predominantly Strong Material"
"1280","Visayas",64,0,0,"Predominantly Strong Material"
"1281","CentralLuzon",58,2,0,"Predominantly Strong Material"
"1282","CentralLuzon",70,1,0,"Predominantly Light/Salvaged Material"
"1283","Visayas",62,1,0,"Predominantly Strong Material"
"1284","MetroManila",71,6,0,"Predominantly Strong Material"
"1285","Visayas",46,4,0,"Predominantly Strong Material"
"1286","Visayas",74,4,0,"Predominantly Strong Material"
"1287","Visayas",58,2,0,"Predominantly Strong Material"
"1288","DavaoRegion",45,5,0,"Predominantly Strong Material"
"1289","Visayas",57,0,0,"Predominantly Strong Material"
"1290","Visayas",59,9,4,"Predominantly Strong Material"
"1291","CentralLuzon",59,4,0,"Predominantly Strong Material"
"1292","CentralLuzon",65,5,1,"Predominantly Strong Material"
"1293","CentralLuzon",75,3,0,"Predominantly Strong Material"
"1294","Visayas",48,9,1,"Predominantly Strong Material"
"1295","Visayas",65,4,1,"Predominantly Strong Material"
"1296","MetroManila",52,4,1,"Predominantly Strong Material"
"1297","IlocosRegion",55,3,0,"Predominantly Strong Material"
"1298","Visayas",52,2,0,"Predominantly Light/Salvaged Material"
"1299","Visayas",51,7,0,"Predominantly Strong Material"
"1300","Visayas",55,2,0,"Predominantly Light/Salvaged Material"
"1301","Visayas",41,4,0,"Predominantly Strong Material"
"1302","MetroManila",68,1,0,"Predominantly Strong Material"
"1303","Visayas",87,1,0,"Predominantly Strong Material"
"1304","DavaoRegion",51,2,0,"Predominantly Strong Material"
"1305","DavaoRegion",45,4,0,"Predominantly Light/Salvaged Material"
"1306","Visayas",33,1,0,"Predominantly Strong Material"
"1307","Visayas",59,3,0,"Predominantly Strong Material"
"1308","CentralLuzon",55,0,0,"Predominantly Strong Material"
"1309","CentralLuzon",22,3,1,"Predominantly Strong Material"
"1310","MetroManila",56,9,0,"Predominantly Strong Material"
"1311","IlocosRegion",76,2,0,"Predominantly Strong Material"
"1312","MetroManila",61,2,0,"Predominantly Strong Material"
"1313","IlocosRegion",75,1,0,"Predominantly Strong Material"
"1314","CentralLuzon",35,6,1,"Predominantly Strong Material"
"1315","Visayas",47,7,0,"Predominantly Strong Material"
"1316","MetroManila",55,6,1,"Predominantly Strong Material"
"1317","MetroManila",40,4,1,"Predominantly Strong Material"
"1318","MetroManila",46,1,0,"Predominantly Strong Material"
"1319","MetroManila",56,5,0,"Predominantly Strong Material"
"1320","Visayas",68,5,0,"Predominantly Strong Material"
"1321","Visayas",47,7,1,"Predominantly Light/Salvaged Material"
"1322","Visayas",53,6,2,"Predominantly Strong Material"
"1323","MetroManila",53,5,0,"Predominantly Strong Material"
"1324","IlocosRegion",75,1,0,"Predominantly Strong Material"
"1325","MetroManila",67,3,0,"Predominantly Strong Material"
"1326","DavaoRegion",67,1,0,"Predominantly Strong Material"
"1327","IlocosRegion",39,3,0,"Predominantly Strong Material"
"1328","IlocosRegion",82,6,0,"Predominantly Strong Material"
"1329","Visayas",40,3,1,"Predominantly Strong Material"
"1330","MetroManila",90,7,0,"Predominantly Strong Material"
"1331","Visayas",36,7,1,"Predominantly Strong Material"
"1332","CentralLuzon",53,2,0,"Predominantly Strong Material"
"1333","MetroManila",53,4,0,"Predominantly Strong Material"
"1334","CentralLuzon",39,4,0,"Predominantly Strong Material"
"1335","Visayas",44,4,0,"Predominantly Strong Material"
"1336","Visayas",78,2,0,"Predominantly Light/Salvaged Material"
"1337","IlocosRegion",53,4,0,"Predominantly Strong Material"
"1338","Visayas",41,4,0,"Predominantly Light/Salvaged Material"
"1339","Visayas",42,4,0,"Predominantly Strong Material"
"1340","Visayas",52,3,0,"Predominantly Strong Material"
"1341","IlocosRegion",24,1,0,"Predominantly Strong Material"
"1342","IlocosRegion",64,8,1,"Predominantly Strong Material"
"1343","DavaoRegion",65,2,0,"Predominantly Strong Material"
"1344","MetroManila",49,5,0,"Predominantly Strong Material"
"1345","Visayas",35,6,2,"Predominantly Strong Material"
"1346","Visayas",58,2,0,"Predominantly Strong Material"
"1347","IlocosRegion",58,8,1,"Predominantly Strong Material"
"1348","Visayas",38,4,1,"Predominantly Light/Salvaged Material"
"1349","Visayas",64,4,1,"Predominantly Strong Material"
"1350","Visayas",73,4,0,"Predominantly Strong Material"
"1351","IlocosRegion",55,1,0,"Predominantly Strong Material"
"1352","Visayas",63,3,0,"Predominantly Strong Material"
"1353","DavaoRegion",71,5,1,"Predominantly Light/Salvaged Material"
"1354","Visayas",34,3,1,"Predominantly Strong Material"
"1355","Visayas",47,5,1,"Predominantly Strong Material"
"1356","IlocosRegion",63,8,3,"Predominantly Strong Material"
"1357","IlocosRegion",49,5,1,"Predominantly Strong Material"
"1358","MetroManila",68,0,0,"Predominantly Strong Material"
"1359","Visayas",72,2,0,"Predominantly Light/Salvaged Material"
"1360","DavaoRegion",58,1,0,"Predominantly Light/Salvaged Material"
"1361","Visayas",45,4,0,"Predominantly Strong Material"
"1362","CentralLuzon",69,4,0,"Predominantly Strong Material"
"1363","CentralLuzon",61,4,0,"Predominantly Strong Material"
"1364","Visayas",46,8,1,"Predominantly Strong Material"
"1365","IlocosRegion",43,1,0,"Predominantly Light/Salvaged Material"
"1366","MetroManila",59,6,1,"Predominantly Strong Material"
"1367","MetroManila",29,4,1,"Predominantly Strong Material"
"1368","IlocosRegion",52,2,0,"Predominantly Strong Material"
"1369","Visayas",88,2,0,"Predominantly Strong Material"
"1370","DavaoRegion",55,1,0,"Predominantly Strong Material"
"1371","CentralLuzon",48,3,0,"Predominantly Strong Material"
"1372","MetroManila",64,2,0,"Predominantly Strong Material"
"1373","Visayas",40,5,0,"Predominantly Light/Salvaged Material"
"1374","CentralLuzon",31,3,2,"Predominantly Strong Material"
"1375","Visayas",46,5,0,"Predominantly Strong Material"
"1376","Visayas",30,5,1,"Predominantly Light/Salvaged Material"
"1377","Visayas",65,0,0,"Predominantly Strong Material"
"1378","Visayas",50,0,0,"Predominantly Strong Material"
"1379","Visayas",63,1,0,"Predominantly Strong Material"
"1380","Visayas",43,7,2,"Predominantly Light/Salvaged Material"
"1381","IlocosRegion",45,5,0,"Predominantly Light/Salvaged Material"
"1382","DavaoRegion",28,0,0,"Predominantly Strong Material"
"1383","DavaoRegion",62,3,0,"Predominantly Strong Material"
"1384","MetroManila",51,3,0,"Predominantly Strong Material"
"1385","MetroManila",32,0,0,"Predominantly Strong Material"
"1386","DavaoRegion",51,4,0,"Predominantly Strong Material"
"1387","MetroManila",73,6,0,"Predominantly Strong Material"
"1388","Visayas",47,2,0,"Predominantly Strong Material"
"1389","MetroManila",74,4,0,"Predominantly Strong Material"
"1390","Visayas",38,4,0,"Predominantly Strong Material"
"1391","Visayas",81,0,0,"Predominantly Strong Material"
"1392","MetroManila",25,1,0,"Predominantly Strong Material"
"1393","Visayas",48,8,1,"Predominantly Strong Material"
"1394","Visayas",39,7,1,"Predominantly Light/Salvaged Material"
"1395","DavaoRegion",56,5,0,"Predominantly Strong Material"
"1396","Visayas",38,2,0,"Predominantly Strong Material"
"1397","CentralLuzon",45,8,0,"Predominantly Strong Material"
"1398","CentralLuzon",57,2,0,"Predominantly Strong Material"
"1399","CentralLuzon",65,3,1,"Predominantly Strong Material"
"1400","Visayas",73,2,0,"Predominantly Strong Material"
"1401","CentralLuzon",76,3,0,"Predominantly Strong Material"
"1402","Visayas",85,2,0,"Predominantly Strong Material"
"1403","CentralLuzon",65,4,0,"Predominantly Strong Material"
"1404","Visayas",45,9,2,"Predominantly Strong Material"
"1405","IlocosRegion",41,4,0,"Predominantly Strong Material"
"1406","DavaoRegion",75,5,1,"Predominantly Strong Material"
"1407","Visayas",53,9,2,"Predominantly Light/Salvaged Material"
"1408","Visayas",74,2,0,"Predominantly Strong Material"
"1409","MetroManila",40,3,0,"Predominantly Strong Material"
"1410","Visayas",80,0,0,"Predominantly Light/Salvaged Material"
"1411","MetroManila",69,3,0,"Predominantly Strong Material"
"1412","CentralLuzon",37,5,1,"Predominantly Strong Material"
"1413","MetroManila",40,5,2,"Predominantly Strong Material"
"1414","CentralLuzon",51,3,0,"Predominantly Strong Material"
"1415","MetroManila",53,3,0,"Predominantly Strong Material"
"1416","CentralLuzon",48,7,1,"Predominantly Strong Material"
"1417","Visayas",42,4,1,"Predominantly Strong Material"
"1418","MetroManila",50,0,0,"Predominantly Strong Material"
"1419","IlocosRegion",73,2,0,"Predominantly Light/Salvaged Material"
"1420","CentralLuzon",51,4,0,"Predominantly Strong Material"
"1421","DavaoRegion",57,3,0,"Predominantly Strong Material"
"1422","Visayas",51,2,0,"Predominantly Strong Material"
"1423","CentralLuzon",62,4,0,"Predominantly Strong Material"
"1424","Visayas",53,5,0,"Predominantly Strong Material"
"1425","IlocosRegion",82,2,0,"Predominantly Strong Material"
"1426","IlocosRegion",73,1,0,"Predominantly Strong Material"
"1427","CentralLuzon",80,4,0,"Predominantly Strong Material"
"1428","Visayas",31,5,2,"Predominantly Strong Material"
"1429","Visayas",48,4,0,"Predominantly Strong Material"
"1430","IlocosRegion",66,7,0,"Predominantly Strong Material"
"1431","Visayas",64,1,0,"Predominantly Strong Material"
"1432","Visayas",59,7,0,"Predominantly Strong Material"
"1433","IlocosRegion",42,7,0,"Predominantly Light/Salvaged Material"
"1434","Visayas",50,2,0,"Predominantly Light/Salvaged Material"
"1435","Visayas",30,4,2,"Predominantly Light/Salvaged Material"
"1436","Visayas",83,5,2,"Predominantly Strong Material"
"1437","MetroManila",53,7,2,"Predominantly Strong Material"
"1438","CentralLuzon",60,4,0,"Predominantly Strong Material"
"1439","CentralLuzon",24,2,0,"Predominantly Strong Material"
"1440","IlocosRegion",62,4,2,"Predominantly Strong Material"
"1441","DavaoRegion",28,0,0,"Predominantly Strong Material"
"1442","IlocosRegion",73,2,0,"Predominantly Strong Material"
"1443","DavaoRegion",53,10,4,"Predominantly Strong Material"
"1444","Visayas",77,2,0,"Predominantly Strong Material"
"1445","MetroManila",68,0,0,"Predominantly Strong Material"
"1446","Visayas",58,7,0,"Predominantly Strong Material"
"1447","DavaoRegion",63,3,0,"Predominantly Strong Material"
"1448","Visayas",38,3,1,"Predominantly Strong Material"
"1449","Visayas",55,9,0,"Predominantly Strong Material"
"1450","Visayas",40,6,1,"Predominantly Strong Material"
"1451","Visayas",41,6,1,"Predominantly Light/Salvaged Material"
"1452","Visayas",38,3,1,"Predominantly Strong Material"
"1453","DavaoRegion",38,3,1,"Predominantly Strong Material"
"1454","Visayas",64,3,0,"Predominantly Strong Material"
"1455","Visayas",42,4,0,"Predominantly Light/Salvaged Material"
"1456","DavaoRegion",67,2,0,"Predominantly Strong Material"
"1457","MetroManila",41,5,0,"Predominantly Strong Material"
"1458","CentralLuzon",36,4,1,"Predominantly Strong Material"
"1459","DavaoRegion",76,5,1,"Predominantly Strong Material"
"1460","MetroManila",49,5,0,"Predominantly Strong Material"
"1461","CentralLuzon",47,3,0,"Predominantly Strong Material"
"1462","IlocosRegion",45,4,0,"Predominantly Strong Material"
"1463","MetroManila",34,3,1,"Predominantly Strong Material"
"1464","CentralLuzon",61,5,0,"Predominantly Strong Material"
"1465","Visayas",54,2,0,"Predominantly Light/Salvaged Material"
"1466","Visayas",61,6,0,"Predominantly Strong Material"
"1467","CentralLuzon",70,1,0,"Predominantly Strong Material"
"1468","Visayas",54,1,0,"Predominantly Strong Material"
"1469","DavaoRegion",72,6,2,"Predominantly Strong Material"
"1470","Visayas",39,3,1,"Predominantly Strong Material"
"1471","Visayas",36,2,1,"Predominantly Strong Material"
"1472","MetroManila",55,7,2,"Predominantly Strong Material"
"1473","Visayas",60,3,0,"Predominantly Strong Material"
"1474","Visayas",54,3,0,"Predominantly Light/Salvaged Material"
"1475","MetroManila",67,8,1,"Predominantly Strong Material"
"1476","DavaoRegion",51,6,1,"Predominantly Strong Material"
"1477","CentralLuzon",41,3,1,"Predominantly Strong Material"
"1478","Visayas",57,1,0,"Predominantly Strong Material"
"1479","Visayas",64,4,0,"Predominantly Strong Material"
"1480","MetroManila",52,5,0,"Predominantly Strong Material"
"1481","Visayas",27,3,2,"Predominantly Strong Material"
"1482","Visayas",42,3,0,"Predominantly Strong Material"
"1483","Visayas",27,3,2,"Predominantly Light/Salvaged Material"
"1484","DavaoRegion",51,8,1,"Predominantly Strong Material"
"1485","CentralLuzon",47,6,0,"Predominantly Strong Material"
"1486","Visayas",62,4,0,"Predominantly Strong Material"
"1487","Visayas",59,4,0,"Predominantly Strong Material"
"1488","Visayas",68,2,0,"Predominantly Strong Material"
"1489","CentralLuzon",52,3,0,"Predominantly Strong Material"
"1490","DavaoRegion",62,0,0,"Predominantly Light/Salvaged Material"
"1491","MetroManila",62,3,0,"Predominantly Strong Material"
"1492","Visayas",38,5,2,"Predominantly Strong Material"
"1493","IlocosRegion",68,7,2,"Predominantly Strong Material"
"1494","MetroManila",82,3,0,"Predominantly Strong Material"
"1495","IlocosRegion",56,7,1,"Predominantly Strong Material"
"1496","Visayas",37,2,0,"Predominantly Strong Material"
"1497","MetroManila",45,3,1,"Predominantly Strong Material"
"1498","MetroManila",34,4,1,"Predominantly Strong Material"
"1499","IlocosRegion",58,3,0,"Predominantly Strong Material"
"1500","IlocosRegion",78,1,0,"Predominantly Strong Material"
